wds_id,designation,source,epoch,technique_code,aperture_m,reference,theta_flag,rho_flag,observed_theta_deg,observed_rho_arcsec,calculated_theta_deg,calculated_rho_arcsec,theta_residual_deg_O_minus_C,rho_residual_arcsec_O_minus_C,east_residual_arcsec_O_minus_C,north_residual_arcsec_O_minus_C,total_residual_arcsec,total_residual_mas,technique_weight
16289+1825,STF2052AB,historical,1822.69000,Ma,0.1,StF1837,,,109.30000,2.66000,110.89392,2.927548,-1.59392,-0.267548,-0.224529,0.164909,0.278583,278.583,0.1
16289+1825,STF2052AB,historical,1823.43000,Ma,0.1,SHJ1824,,,109.20000,3.23600,110.75598,2.933740,-1.55598,0.302260,0.312666,-0.024528,0.313627,313.627,0.1
16289+1825,STF2052AB,historical,1829.52000,Ma,0.3,StF1837,,,109.70000,2.98000,109.64028,2.976379,0.05972,0.003621,0.002365,-0.004142,0.004769,4.769,0.1
16289+1825,STF2052AB,historical,1830.27000,Ma,0.1,HJ_1833a,,,108.10000,2.85000,109.50492,2.980577,-1.40492,-0.130577,-0.100560,0.109751,0.148854,148.854,0.1
16289+1825,STF2052AB,historical,1842.44000,Ma,0.3,Mad1843,,,109.80000,2.40000,107.34405,3.014076,2.45595,-0.614076,-0.618918,0.085552,0.624803,624.803,0.1
16289+1825,STF2052AB,historical,1842.45000,Ma,0.3,Gsh1908,,,106.60000,2.66000,107.34229,3.014076,-0.74229,-0.354076,-0.327921,0.138503,0.355971,355.971,0.1
16289+1825,STF2052AB,historical,1851.89000,Ma,0.4,StF1878,,,108.00000,3.05000,105.66989,2.990642,2.33011,0.059358,0.021231,-0.134746,0.136408,136.408,0.1
16289+1825,STF2052AB,historical,1854.94000,Ma,0.1,D__1883,,,105.10000,3.09000,105.12078,2.972726,-0.02078,0.117274,0.113506,-0.029510,0.117279,117.279,0.1
16289+1825,STF2052AB,historical,1856.49000,Ma,0.3,Se_1860,,,104.20000,2.95000,104.83892,2.961536,-0.63892,-0.011536,-0.002904,0.034800,0.034921,34.921,0.1
16289+1825,STF2052AB,historical,1858.45000,Ma,0.2,Mrt1861,,,104.70000,2.62000,104.47921,2.945297,0.22079,-0.325297,-0.317509,0.071563,0.325473,325.473,0.1
16289+1825,STF2052AB,historical,1864.62000,Ma,0.2,D__1884,,,103.30000,2.78000,103.31550,2.878003,-0.01550,-0.098003,-0.095195,0.023303,0.098006,98.006,0.1
16289+1825,STF2052AB,historical,1864.75000,D,0.2,Mai1864,,,96.20000,2.75000,103.29036,2.876306,-7.09036,-0.126306,-0.065357,0.364224,0.370042,370.042,1.0
16289+1825,STF2052AB,historical,1865.53000,Ma,0.2,Eng1868,,,104.10000,3.16000,103.13886,2.865874,0.96114,0.294126,0.273945,-0.118376,0.298427,298.427,0.1
16289+1825,STF2052AB,historical,1865.54000,Ma,0.3,Se_1868,,,103.20000,2.99000,103.13691,2.865737,0.06309,0.124263,0.120261,-0.031448,0.124305,124.305,0.1
16289+1825,STF2052AB,historical,1870.46000,Ma,0.3,Du_1876,,,103.00000,2.54000,102.15257,2.789449,0.84743,-0.249449,-0.252039,0.015847,0.252536,252.536,0.1
16289+1825,STF2052AB,historical,1871.33000,Ma,0.4,Pei1882,,,103.10000,2.82000,101.97257,2.773986,1.12743,0.046014,0.032969,-0.063712,0.071736,71.736,0.1
16289+1825,STF2052AB,historical,1871.52000,Ma,0.2,D__1884,,,102.50000,2.69000,101.93299,2.770526,0.56701,-0.080526,-0.084419,-0.009368,0.084938,84.938,0.1
16289+1825,STF2052AB,historical,1874.50000,Ma,0.2,Gld1875,,,103.00000,2.64000,101.29834,2.712255,1.70166,-0.072255,-0.087356,-0.062492,0.107407,107.407,0.1
16289+1825,STF2052AB,historical,1874.55000,Ma,0.2,WS_1875,,,103.10000,2.74000,101.28746,2.711211,1.81254,0.028789,0.009924,-0.090355,0.090899,90.899,0.1
16289+1825,STF2052AB,historical,1874.62000,Ma,0.2,WS_1875,,,103.50000,2.53000,101.27220,2.709746,2.22780,-0.179746,-0.197378,-0.060942,0.206572,206.572,0.1
16289+1825,STF2052AB,historical,1875.51000,Ma,0.2,WS_1877,,,103.00000,2.76000,101.07678,2.690732,1.92322,0.069268,0.048656,-0.103910,0.114737,114.737,0.1
16289+1825,STF2052AB,historical,1876.31000,Ma,0.2,Sp_1888,,,101.00000,2.61000,100.89870,2.673020,0.10130,-0.063020,-0.062760,0.007385,0.063193,63.193,0.1
16289+1825,STF2052AB,historical,1879.55900,Ma,0.7,Hl_1877a,,,101.60000,2.70000,100.14920,2.594753,1.45080,0.105247,0.090703,-0.085684,0.124775,124.775,0.1
16289+1825,STF2052AB,historical,1880.50000,Ma,0.3,Big1883,,,99.00000,2.70000,99.92329,2.570092,-0.92329,0.129908,0.135117,0.020530,0.136667,136.667,0.1
16289+1825,STF2052AB,historical,1882.65000,Ma,0.2,Sbk1884,,,100.20000,2.57000,99.38989,2.510167,0.81011,0.059833,0.052850,-0.045569,0.069783,69.783,0.1
16289+1825,STF2052AB,historical,1882.69000,Ma,0.2,Sbk1884,,,99.40000,2.30000,99.37973,2.509003,0.02027,-0.209003,-0.206342,0.033260,0.209005,209.005,0.1
16289+1825,STF2052AB,historical,1882.70000,Ma,0.2,Sbk1884,,,101.30000,2.54000,99.37718,2.508712,1.92282,0.031288,0.015573,-0.088951,0.090304,90.304,0.1
16289+1825,STF2052AB,historical,1883.50000,Ma,0.4,Per1887,,,99.20000,2.47000,99.17174,2.485042,0.02826,-0.015042,-0.015045,0.001195,0.015092,15.092,0.1
16289+1825,STF2052AB,historical,1883.62000,Ma,0.2,Je_1887,,,100.00000,2.40000,99.14058,2.481428,0.85942,-0.081428,-0.086379,-0.022562,0.089277,89.277,0.1
16289+1825,STF2052AB,historical,1884.48600,Ma,0.7,Hl_1892c,,,99.20000,2.47000,98.91298,2.454835,0.28702,0.015165,0.013035,-0.014569,0.019549,19.549,0.1
16289+1825,STF2052AB,historical,1884.54000,Ma,0.4,Per1887,,,97.20000,2.36000,98.89862,2.453146,-1.69862,-0.093146,-0.082229,0.083683,0.117321,117.321,0.1
16289+1825,STF2052AB,historical,1885.48000,Ma,0.2,And1899,,,94.40000,2.37000,98.64547,2.423187,-4.24547,-0.053187,-0.032639,0.182429,0.185326,185.326,0.1
16289+1825,STF2052AB,historical,1885.50000,Ma,0.3,dBl1886,,,97.10000,2.45000,98.64001,2.422538,-1.54001,0.027462,0.036167,0.061104,0.071005,71.005,0.1
16289+1825,STF2052AB,historical,1885.58000,Ma,0.2,Je_1887,,,99.80000,2.64000,98.61816,2.419935,1.18184,0.220065,0.208865,-0.086729,0.226156,226.156,0.1
16289+1825,STF2052AB,historical,1887.48000,Ma,0.2,Bam1899,,,96.00000,3.02000,98.08471,2.355700,-2.08471,0.664300,0.671169,0.015623,0.671350,671.350,0.1
16289+1825,STF2052AB,historical,1887.49000,Ma,0.2,And1899,,,97.70000,2.71000,98.08183,2.355350,-0.38183,0.354650,0.353607,-0.031971,0.355050,355.050,0.1
16289+1825,STF2052AB,historical,1887.60000,Ma,0.2,Cel1923,,,97.30000,2.66000,98.05003,2.351483,-0.75003,0.308517,0.310127,-0.008696,0.310249,310.249,0.1
16289+1825,STF2052AB,historical,1888.38400,Mb,0.3,Tar1890,,,97.00000,2.47000,97.82029,2.323443,-0.82029,0.146557,0.149754,0.015126,0.150516,150.516,0.1
16289+1825,STF2052AB,historical,1888.55000,Ma,0.2,Cel1923,,,96.50000,2.48000,97.77093,2.317397,-1.27093,0.162603,0.167943,0.032598,0.171078,171.078,0.1
16289+1825,STF2052AB,historical,1888.86000,Ma,0.8,StH1901,,,97.10000,2.39000,97.67806,2.306001,-0.57806,0.083999,0.086347,0.012690,0.087275,87.275,0.1
16289+1825,STF2052AB,historical,1889.94000,Ma,0.1,Gia1891,,,95.40000,2.39000,97.34707,2.265214,-1.94707,0.124786,0.132777,0.064756,0.147726,147.726,0.1
16289+1825,STF2052AB,historical,1890.51000,Ma,0.2,Glp1892f,,,98.50000,2.29000,97.16746,2.242991,1.33254,0.047009,0.039383,-0.058626,0.070626,70.626,0.1
16289+1825,STF2052AB,historical,1890.58000,Ma,0.1,Hyn1891,,,97.20000,2.49000,97.14516,2.240228,0.05484,0.249772,0.247535,-0.033432,0.249782,249.782,0.1
16289+1825,STF2052AB,historical,1890.61000,Ma,0.2,Cel1923,,,97.10000,2.34000,97.13558,2.239041,-0.03558,0.100959,0.100357,-0.011099,0.100969,100.969,0.1
16289+1825,STF2052AB,historical,1891.53000,Ma,0.5,Sp_1909,,,97.00000,2.14000,96.83685,2.201975,0.16315,-0.061975,-0.062269,0.001329,0.062283,62.283,0.1
16289+1825,STF2052AB,historical,1891.66000,Ma,0.2,Cel1923,,,97.90000,2.24000,96.79382,2.196630,1.10618,0.043370,0.037535,-0.048021,0.060950,60.950,0.1
16289+1825,STF2052AB,historical,1893.46900,Ma,0.3,Big1895b,,,94.60000,2.29000,96.17195,2.119360,-1.57195,0.170640,0.175548,0.044202,0.181028,181.028,0.1
16289+1825,STF2052AB,historical,1893.60000,Ma,0.2,Cel1923,,,96.50000,2.29000,96.12513,2.113548,0.37487,0.176452,0.173797,-0.033720,0.177038,177.038,0.1
16289+1825,STF2052AB,historical,1894.45000,Ma,0.3,Ebl1895,,,95.90000,2.19000,95.81486,2.075101,0.08514,0.114899,0.113976,-0.014878,0.114943,114.943,0.1
16289+1825,STF2052AB,historical,1894.47000,Mc,0.3,Knr1895,,,95.30000,2.19000,95.80742,2.074180,-0.50742,0.115820,0.117102,0.007585,0.117348,117.348,0.1
16289+1825,STF2052AB,historical,1894.54000,Ma,0.2,Glp1895,,,96.60000,2.07000,95.78133,2.070954,0.81867,-0.000954,-0.004138,-0.029308,0.029599,29.599,0.1
16289+1825,STF2052AB,historical,1895.56000,Ma,0.7,L__1895a,,,97.50000,2.24000,95.39158,2.022898,2.10842,0.217102,0.206888,-0.102303,0.230800,230.800,0.1
16289+1825,STF2052AB,historical,1895.61900,Ma,0.3,Cls1896,,,95.50000,2.47000,95.36846,2.020058,0.13154,0.449942,0.447431,-0.047742,0.449971,449.971,0.1
16289+1825,STF2052AB,historical,1895.64000,Ma,0.2,Cel1923,,,95.80000,2.20000,95.36022,2.019045,0.43978,0.180955,0.178521,-0.033711,0.181676,181.676,0.1
16289+1825,STF2052AB,historical,1896.46000,Ma,0.7,Cow1896,,,95.80000,2.32000,95.03165,1.978833,0.76835,0.341167,0.336916,-0.060895,0.342375,342.375,0.1
16289+1825,STF2052AB,historical,1896.51000,Ma,0.5,Sp_1909,,,95.60000,1.95000,95.01118,1.976338,0.58882,-0.026338,-0.028090,-0.017653,0.033177,33.177,0.1
16289+1825,STF2052AB,historical,1896.62000,Ma,0.2,Col1896,,,96.30000,2.11000,94.96597,1.970830,1.33403,0.139170,0.133825,-0.060936,0.147046,147.046,0.1
16289+1825,STF2052AB,historical,1897.43000,Ma,0.7,Bow1897,,,95.20000,1.81000,94.62497,1.929508,0.57503,-0.119508,-0.120674,-0.008462,0.120970,120.970,0.1
16289+1825,STF2052AB,historical,1897.56800,Ma,0.7,Brs1911a,,,93.80000,1.92000,94.56541,1.922330,-0.76541,-0.002330,-0.000452,0.025766,0.025770,25.770,0.1
16289+1825,STF2052AB,historical,1897.62000,Ma,0.2,Cel1923,,,95.90000,2.11000,94.54285,1.919615,1.35715,0.190385,0.185239,-0.064850,0.196262,196.262,0.1
16289+1825,STF2052AB,historical,1898.44000,Ma,0.7,Bow1898,,,94.80000,1.50000,94.17833,1.876022,0.62167,-0.376022,-0.376296,0.011172,0.376462,376.462,0.1
16289+1825,STF2052AB,historical,1898.60000,Ma,0.2,Cel1923,,,96.80000,2.03000,94.10521,1.867342,2.69479,0.162658,0.153169,-0.106681,0.186659,186.659,0.1
16289+1825,STF2052AB,historical,1898.60000,Ma,0.7,L__1898a,,,94.10000,1.83000,94.10521,1.867342,-0.00521,-0.037342,-0.037234,0.002839,0.037342,37.342,0.1
16289+1825,STF2052AB,historical,1898.62000,Ma,0.7,Bry1898,,,94.00000,1.93000,94.09602,1.866253,-0.09602,0.063747,0.063813,-0.001327,0.063827,63.827,0.1
16289+1825,STF2052AB,historical,1899.49000,Ma,0.2,Maw1904,,,93.30000,1.64000,93.68553,1.817986,-0.38553,-0.177986,-0.176946,0.022456,0.178365,178.365,0.1
16289+1825,STF2052AB,historical,1899.54000,Ma,0.7,L__1899a,,,92.00000,1.80000,93.66128,1.815158,-1.66128,-0.015158,-0.012550,0.053093,0.054556,54.556,0.1
16289+1825,STF2052AB,historical,1899.60000,Ma,0.7,Bry1899,,,93.60000,1.81000,93.63206,1.811757,-0.03206,-0.001757,-0.001690,0.001122,0.002028,2.028,0.1
16289+1825,STF2052AB,historical,1900.43000,Ma,0.7,Bow1900,,,91.90000,1.93000,93.21628,1.763806,-1.31628,0.166194,0.167911,0.034969,0.171514,171.514,0.1
16289+1825,STF2052AB,historical,1900.45000,Ma,0.7,Bry1900,,,93.30000,1.86000,93.20598,1.762629,0.09402,0.097371,0.097045,-0.008493,0.097416,97.416,0.1
16289+1825,STF2052AB,historical,1900.45000,Ma,0.4,Ser1916,,,91.20000,1.67000,93.20598,1.762629,-2.00598,-0.092629,-0.090237,0.063603,0.110399,110.399,0.1
16289+1825,STF2052AB,historical,1900.50000,Ma,0.7,L__1900,,,93.20000,1.86000,93.18017,1.759684,0.01983,0.100316,0.100126,-0.006208,0.100318,100.318,0.1
16289+1825,STF2052AB,historical,1900.60500,Ma,0.3,Bog1911,,,96.50000,2.13000,93.12569,1.753477,3.37431,0.376523,0.365440,-0.145512,0.393344,393.344,0.1
16289+1825,STF2052AB,historical,1900.69000,Ma,0.2,Sbk1904,,,92.20000,1.68000,93.08130,1.748432,-0.88130,-0.068432,-0.067143,0.029492,0.073334,73.334,0.1
16289+1825,STF2052AB,historical,1901.49000,Ma,0.7,Bow1901,,,94.40000,1.66000,92.65046,1.700031,1.74954,-0.040031,-0.043105,-0.048740,0.065066,65.066,0.1
16289+1825,STF2052AB,historical,1901.56000,Ma,0.7,L__1901,,,96.00000,1.83000,92.61158,1.695716,3.38842,0.134284,0.126020,-0.114022,0.169948,169.948,0.1
16289+1825,STF2052AB,historical,1902.48000,Ma,0.7,Bow1902,,,92.10000,1.58000,92.08131,1.637744,0.01869,-0.057744,-0.057725,0.001582,0.057746,57.746,0.1
16289+1825,STF2052AB,historical,1902.50000,Ma,0.3,Thi1903,,,92.00000,1.70000,92.06936,1.636457,-0.06936,0.063543,0.063574,-0.000238,0.063575,63.575,0.1
16289+1825,STF2052AB,historical,1902.58000,Ma,0.7,Fur1902,,,93.50000,1.63000,92.02138,1.631299,1.47862,-0.001299,-0.003324,-0.041969,0.042101,42.101,0.1
16289+1825,STF2052AB,historical,1902.61000,Ma,0.5,Cel1923,,,95.10000,1.61000,92.00331,1.629360,3.09669,-0.019360,-0.024738,-0.086162,0.089643,89.643,0.1
16289+1825,STF2052AB,historical,1902.64100,Ma,0.4,Com1906,,,91.00000,1.55000,91.98459,1.627354,-0.98459,-0.077354,-0.076614,0.029305,0.082027,82.027,0.1
16289+1825,STF2052AB,historical,1903.38000,Ma,0.2,Gui1912,,,86.20000,1.42000,91.52413,1.578689,-5.32413,-0.158689,-0.161252,0.136099,0.211010,211.010,0.1
16289+1825,STF2052AB,historical,1903.40000,Ma,0.4,Dob1927,,,91.50000,1.55000,91.51127,1.577349,-0.01127,-0.027349,-0.027331,0.001026,0.027351,27.351,0.1
16289+1825,STF2052AB,historical,1903.42100,Ma,0.4,Com1906,,,92.20000,1.41000,91.49774,1.575941,0.70226,-0.165941,-0.166442,-0.012936,0.166944,166.944,0.1
16289+1825,STF2052AB,historical,1903.49000,Ma,0.7,L__1903,,,94.10000,1.42000,91.45313,1.571305,2.64687,-0.151305,-0.154434,-0.061679,0.166295,166.295,0.1
16289+1825,STF2052AB,historical,1903.56000,Ma,0.7,Bow1903a,,,90.70000,1.59000,91.40760,1.566587,-0.70760,0.023413,0.023767,0.019058,0.030464,30.464,0.1
16289+1825,STF2052AB,historical,1903.77800,Ma,0.4,VBs1904,,,92.20000,1.50000,91.26403,1.551797,0.93597,-0.051797,-0.052525,-0.023350,0.057481,57.481,0.1
16289+1825,STF2052AB,historical,1904.38000,Ma,0.7,Bow1904a,,,90.60000,1.60000,90.85280,1.510180,-0.25280,0.089820,0.089900,0.005722,0.090082,90.082,0.1
16289+1825,STF2052AB,historical,1904.47000,Ma,0.7,L__1904,,,89.90000,1.57000,90.78935,1.503858,-0.88935,0.066142,0.066283,0.023458,0.070311,70.311,0.1
16289+1825,STF2052AB,historical,1905.92000,Ma,0.2,Frm1907,,,88.40000,1.55000,89.68622,1.398236,-1.28622,0.151764,0.151181,0.035621,0.155320,155.320,0.1
16289+1825,STF2052AB,historical,1906.51000,Ma,0.3,Ino1909,,,87.70000,2.29000,89.18702,1.353123,-1.48702,0.936877,0.935169,0.072703,0.937990,937.990,0.1
16289+1825,STF2052AB,historical,1906.53600,Ma,0.4,Com1906,,,88.40000,1.13000,89.16425,1.351105,-0.76425,-0.221105,-0.221402,0.011844,0.221718,221.718,0.1
16289+1825,STF2052AB,historical,1906.62000,Ma,0.2,Maw1908,,,89.80000,1.54000,89.09022,1.344568,0.70978,0.195432,0.195592,-0.015974,0.196243,196.243,0.1
16289+1825,STF2052AB,historical,1907.41000,Ma,0.3,Lau1917,,,88.80000,1.55000,88.35653,1.281753,0.44347,0.268247,0.268435,-0.004300,0.268469,268.469,0.1
16289+1825,STF2052AB,historical,1907.50000,Ma,0.7,L__1907,q,,91.00000,1.14000,88.26832,1.274440,2.73168,-0.134440,-0.134031,-0.058408,0.146205,146.205,0.1
16289+1825,STF2052AB,historical,1907.51000,Ma,0.7,Bow1907,q,,89.80000,1.27000,88.25845,1.273625,1.54155,-0.003625,-0.003044,-0.034274,0.034409,34.409,0.1
16289+1825,STF2052AB,historical,1907.57000,Ma,0.4,Com1921a,,,87.20000,1.19000,88.19900,1.268729,-0.99900,-0.078729,-0.079523,0.018257,0.081592,81.592,0.1
16289+1825,STF2052AB,historical,1908.16600,Ma,0.4,VBs1914,,,89.30000,1.17000,87.58227,1.219284,1.71773,-0.049284,-0.048286,-0.037141,0.060918,60.918,0.1
16289+1825,STF2052AB,historical,1908.52000,Ma,0.4,Com1921a,,,86.00000,1.05000,87.19142,1.189204,-1.19142,-0.139204,-0.140333,0.014974,0.141130,141.130,0.1
16289+1825,STF2052AB,historical,1908.55000,Ma,0.7,L__1908,,,85.40000,1.05000,87.15738,1.186629,-1.75738,-0.136629,-0.138551,0.025361,0.140853,140.853,0.1
16289+1825,STF2052AB,historical,1908.56000,Ma,0.2,J__1918,,,88.70000,1.43000,87.14600,1.185770,1.55400,0.244230,0.245332,-0.026598,0.246770,246.770,0.1
16289+1825,STF2052AB,historical,1909.35700,Ma,0.4,VBs1914,,,87.00000,1.03000,86.18202,1.115874,0.81798,-0.085874,-0.084809,-0.020397,0.087227,87.227,0.1
16289+1825,STF2052AB,historical,1909.42000,Ma,0.4,J__1909a,,,86.20000,1.08000,86.10060,1.110225,0.09940,-0.030225,-0.030029,-0.003925,0.030285,30.285,0.1
16289+1825,STF2052AB,historical,1909.45000,Ma,0.5,Doo1915b,,,84.10000,1.37000,86.06154,1.107529,-1.96154,0.262471,0.257830,0.064755,0.265837,265.837,0.1
16289+1825,STF2052AB,historical,1909.46000,Ma,0.2,Dob1927,,,87.00000,1.12000,86.04847,1.106629,0.95153,0.013371,0.014467,-0.017644,0.022817,22.817,0.1
16289+1825,STF2052AB,historical,1909.50000,Ma,0.2,Roe1910c,,,86.10000,1.26000,85.99601,1.103026,0.10399,0.156974,0.156749,0.008679,0.156989,156.989,0.1
16289+1825,STF2052AB,historical,1909.50000,Ma,0.4,Com1921a,,,84.80000,0.89000,85.99601,1.103026,-1.19601,-0.213026,-0.213996,0.003643,0.214027,214.027,0.1
16289+1825,STF2052AB,historical,1909.53500,Ma,0.2,Roe1910b,,,86.10000,1.26000,85.94982,1.099866,0.15018,0.160134,0.159963,0.008016,0.160163,160.163,0.1
16289+1825,STF2052AB,historical,1910.37000,Ma,0.3,BAn1911,,,83.30000,1.32000,84.76199,1.022756,-1.46199,0.297244,0.292500,0.060635,0.298718,298.718,0.1
16289+1825,STF2052AB,historical,1910.40000,Ma,0.9,A__1914d,,,85.20000,1.06000,84.71595,1.019923,0.48405,0.040077,0.040694,-0.005230,0.041029,41.029,0.1
16289+1825,STF2052AB,historical,1910.45800,Ma,0.5,Fox1915,,,84.40000,0.98000,84.62620,1.014431,-0.22620,-0.034431,-0.034650,0.000627,0.034656,34.656,0.1
16289+1825,STF2052AB,historical,1910.56000,Ma,0.3,Lau1911a,,,84.60000,1.14000,84.46597,1.004733,0.13403,0.135267,0.134890,0.010390,0.135290,135.290,0.1
16289+1825,STF2052AB,historical,1910.56000,Ma,0.4,Com1921a,,,83.80000,0.89000,84.46597,1.004733,-0.66597,-0.114733,-0.115256,-0.000774,0.115259,115.259,0.1
16289+1825,STF2052AB,historical,1910.61800,Ma,0.4,VBs1914,,,85.50000,1.04000,84.37347,0.999196,1.12653,0.040804,0.042412,-0.016367,0.045461,45.461,0.1
16289+1825,STF2052AB,historical,1911.30000,Ma,0.5,Wz_1923,,,83.50000,0.97000,83.20242,0.932793,0.29758,0.037207,0.037529,-0.000600,0.037534,37.534,0.1
16289+1825,STF2052AB,historical,1911.42600,Ma,0.4,VBs1914,,,82.50000,0.96000,82.96741,0.920261,-0.46741,0.039739,0.038450,0.012634,0.040472,40.472,0.1
16289+1825,STF2052AB,historical,1911.43000,Ma,0.3,Vou1922,,,83.10000,1.10000,82.95985,0.919862,0.14015,0.180138,0.179107,0.019408,0.180155,180.155,0.1
16289+1825,STF2052AB,historical,1911.54000,Ma,0.7,L__1921,,,87.80000,0.98000,82.74919,0.908851,5.05081,0.071149,0.077695,-0.077089,0.109449,109.449,0.1
16289+1825,STF2052AB,historical,1912.38000,Ma,0.7,Bow1921,,,79.60000,0.90000,80.95170,0.822644,-1.35170,0.077356,0.072807,0.033092,0.079975,79.975,0.1
16289+1825,STF2052AB,historical,1912.42000,Ma,0.2,Phl1911b,,,81.50000,0.93000,80.85658,0.818445,0.64342,0.111555,0.111739,0.007407,0.111985,111.985,0.1
16289+1825,STF2052AB,historical,1912.45000,Ma,0.3,Vou1922,,,80.90000,1.00000,80.78460,0.815290,0.11540,0.184710,0.182647,0.027592,0.184719,184.719,0.1
16289+1825,STF2052AB,historical,1912.47000,Ma,0.7,Fur1921,,,83.00000,1.00000,80.73630,0.813183,2.26370,0.186817,0.189969,-0.009036,0.190183,190.183,0.1
16289+1825,STF2052AB,historical,1912.52000,Ma,0.4,Com1921a,,,81.10000,0.73000,80.61445,0.807908,0.48555,-0.077908,-0.075882,-0.018813,0.078179,78.179,0.1
16289+1825,STF2052AB,historical,1912.52300,Ma,0.4,VBs1914,,,81.70000,0.98000,80.60709,0.807591,1.09291,0.172409,0.172972,0.009667,0.173242,173.242,0.1
16289+1825,STF2052AB,historical,1912.54000,Ma,0.7,Chp1921,,,82.30000,0.98000,80.56526,0.805794,1.73474,0.174206,0.176269,-0.000783,0.176271,176.271,0.1
16289+1825,STF2052AB,historical,1913.40000,Ma,0.7,Bow1921,,,77.90000,0.78000,78.17032,0.712868,-0.27032,0.067132,0.064943,0.017362,0.067224,67.224,0.1
16289+1825,STF2052AB,historical,1913.45900,Ma,0.4,VBs1920,,,79.30000,0.80000,77.98272,0.706349,1.31728,0.093651,0.095221,0.001467,0.095232,95.232,0.1
16289+1825,STF2052AB,historical,1913.56000,Ma,0.4,Com1921a,,,76.40000,0.78000,77.65339,0.695148,-1.25339,0.084852,0.079059,0.034771,0.086368,86.368,0.1
16289+1825,STF2052AB,historical,1914.46300,Ma,0.4,VBs1920,,,76.40000,0.64000,74.14832,0.592770,2.25168,0.047230,0.051827,-0.011423,0.053071,53.071,0.1
16289+1825,STF2052AB,historical,1914.47000,Ma,0.7,Bow1921,,,76.60000,0.49000,74.11638,0.591962,2.48362,-0.101962,-0.092700,-0.048454,0.104600,104.600,0.1
16289+1825,STF2052AB,historical,1914.49000,Ma,0.2,Rab1923,,,87.80000,0.70000,74.02464,0.589651,13.77536,0.110349,0.132605,-0.135415,0.189529,189.529,0.1
16289+1825,STF2052AB,historical,1914.53000,Ma,0.4,Com1921a,,,73.50000,0.60000,73.83899,0.585026,-0.33899,0.014974,0.013384,0.007574,0.015379,15.379,0.1
16289+1825,STF2052AB,historical,1915.45700,Ma,0.4,VBs1920,,,70.90000,0.46000,68.51734,0.476367,2.38266,-0.016367,-0.008597,-0.023935,0.025432,25.432,0.1
16289+1825,STF2052AB,historical,1915.46000,Ma,0.2,Rab1923,,,82.70000,0.48000,68.49616,0.476012,14.20384,0.003988,0.033231,-0.113498,0.118263,118.263,0.1
16289+1825,STF2052AB,historical,1915.55000,Ma,0.4,Com1921a,,,68.50000,0.47000,67.84568,0.465367,0.65432,0.004633,0.006287,-0.003235,0.007071,7.071,0.1
16289+1825,STF2052AB,historical,1916.24900,Ma,1,VBs1927a,,,62.50000,0.56000,61.56344,0.382969,0.93656,0.177031,0.159964,0.076215,0.177192,177.192,0.1
16289+1825,STF2052AB,historical,1916.52000,Ma,0.4,Com1921a,,,62.40000,0.49000,58.34030,0.351597,4.05970,0.138403,0.134967,0.042471,0.141492,141.492,0.1
16289+1825,STF2052AB,historical,1917.43000,Ma,0.4,Com1921a,,,37.00000,0.28000,41.89013,0.254491,-4.89013,0.025509,-0.001417,0.034168,0.034197,34.197,0.1
16289+1825,STF2052AB,historical,1917.44000,Ma,0.7,J__1918,,,47.00000,0.27000,41.64200,0.253550,5.35800,0.016450,0.028988,-0.005341,0.029476,29.476,0.1
16289+1825,STF2052AB,historical,1917.62000,Ma,1,VBs1927a,,,37.10000,0.31000,36.84848,0.237355,0.25152,0.072645,0.044652,0.057314,0.072655,72.655,0.1
16289+1825,STF2052AB,historical,1918.47000,Ma,1,VBs1927a,,,9.90000,0.24000,5.24917,0.190202,4.65083,0.049798,0.023862,0.047022,0.052730,52.730,0.1
16289+1825,STF2052AB,historical,1918.48000,Ma,0.4,Com1921a,,,6.50000,0.20000,4.80621,0.190037,1.69379,0.009963,0.006718,0.009345,0.011509,11.509,0.1
16289+1825,STF2052AB,historical,1918.64000,Ma,0.9,A__1923a,,,5.90000,0.25000,357.65159,0.188869,8.24841,0.061131,0.033437,0.059966,0.068658,68.658,0.1
16289+1825,STF2052AB,historical,1919.30800,Ma,1,VBs1927a,,,331.30000,0.28000,329.99994,0.212293,1.30006,0.067707,-0.028316,0.061750,0.067933,67.933,0.1
16289+1825,STF2052AB,historical,1919.52000,Ma,0.4,Com1921a,,,316.20000,0.25000,322.95566,0.227466,-6.75566,0.022534,-0.036003,-0.001117,0.036020,36.020,0.1
16289+1825,STF2052AB,historical,1919.60000,Ma,0.7,Fur1921,,,30.10000,0.30000,320.54748,0.233883,69.55252,0.066117,0.299071,0.078953,0.309317,309.317,0.1
16289+1825,STF2052AB,historical,1920.33500,Ma,1,VBs1927a,,,307.80000,0.27000,303.82644,0.303863,3.97356,-0.033863,0.039085,-0.003669,0.039257,39.257,0.1
16289+1825,STF2052AB,historical,1920.60000,Ma,0.9,A__1923a,,,302.80000,0.32000,299.61476,0.331625,3.18524,-0.011625,0.019323,0.009469,0.021518,21.518,0.1
16289+1825,STF2052AB,historical,1921.15700,Ma,1,VBs1927a,,,294.90000,0.37000,292.72899,0.390411,2.17101,-0.020411,0.024486,0.004939,0.024980,24.980,0.1
16289+1825,STF2052AB,historical,1921.44000,Ma,0.9,A__1923a,,,289.40000,0.37000,289.96391,0.419593,-0.56391,-0.049593,0.045386,-0.020361,0.049744,49.744,0.1
16289+1825,STF2052AB,historical,1921.46000,Ma,0.7,Bry1920,,,289.30000,0.33000,289.78291,0.421624,-0.48291,-0.091624,0.085286,-0.033632,0.091678,91.678,0.1
16289+1825,STF2052AB,historical,1921.47000,Ma,0.7,Fur1920,,,289.80000,0.36000,289.69306,0.422637,0.10694,-0.062637,0.059201,-0.020475,0.062642,62.642,0.1
16289+1825,STF2052AB,historical,1921.52000,Ma,0.3,Cha1926a,,,283.10000,0.45000,289.25019,0.427689,-6.15019,0.022311,-0.034514,-0.039013,0.052089,52.089,0.1
16289+1825,STF2052AB,historical,1921.55000,Ma,0.3,B__1925a,:,:,291.40000,0.31000,288.98944,0.430705,2.41056,-0.120705,0.118638,-0.027037,0.121679,121.679,0.1
16289+1825,STF2052AB,historical,1922.20000,Ma,1,VBs1927a,,,287.50000,0.47000,284.09829,0.492841,3.40171,-0.022841,0.029749,0.021283,0.036578,36.578,0.1
16289+1825,STF2052AB,historical,1922.31400,Ma,0.7,StG1962a,,,287.50000,0.53000,283.36211,0.503022,4.13789,0.026978,-0.016066,0.043123,0.046019,46.019,0.1
16289+1825,STF2052AB,historical,1922.48000,Ma,0.7,Plq1923,,,283.20000,0.57000,282.34115,0.517425,0.85885,0.052575,-0.049471,0.019570,0.053201,53.201,0.1
16289+1825,STF2052AB,historical,1922.51100,Ma,0.7,Dic1962,,,283.20000,0.46000,282.15670,0.520059,1.04330,-0.060059,0.060550,-0.004476,0.060715,60.715,0.1
16289+1825,STF2052AB,historical,1923.27700,Ma,1,VBs1927a,,,279.40000,0.60000,278.09973,0.579285,1.30027,0.020715,-0.018437,0.016376,0.024660,24.660,0.1
16289+1825,STF2052AB,historical,1923.38000,Ma,0.3,B__1925a,,,276.40000,0.63000,277.61428,0.586382,-1.21428,0.043618,-0.044862,-0.007472,0.045480,45.480,0.1
16289+1825,STF2052AB,historical,1923.44000,Ma,0.9,A__1927b,,,276.60000,0.59000,277.33681,0.590423,-0.73681,-0.000423,-0.000501,-0.007585,0.007602,7.602,0.1
16289+1825,STF2052AB,historical,1923.45000,Ma,0.4,Gcb1934,,,279.20000,0.83000,277.29094,0.591090,1.90906,0.238910,-0.233013,0.057688,0.240048,240.048,0.1
16289+1825,STF2052AB,historical,1923.52000,Ma,0.3,Lbz1925,,,276.80000,0.55000,276.97266,0.595703,-0.17266,-0.045703,0.045166,-0.007194,0.045735,45.735,0.1
16289+1825,STF2052AB,historical,1923.62700,J,0.3,Mag1925,F,:,90.90000,0.37600,276.49543,0.602574,174.40457,-0.226574,0.974660,-0.074072,0.977470,977.470,1.0
16289+1825,STF2052AB,historical,1924.20000,Ma,0.3,Gui1931,,,274.20000,0.76000,274.10454,0.635757,0.09546,0.124243,-0.123833,0.010156,0.124249,124.249,0.1
16289+1825,STF2052AB,historical,1924.31800,Ma,1,VBs1927a,,,273.00000,0.65000,273.64159,0.641859,-0.64159,0.008141,-0.008546,-0.006749,0.010890,10.890,0.1
16289+1825,STF2052AB,historical,1924.42000,Ma,0.2,Dob1927,q,,273.00000,0.58000,273.24833,0.646941,-0.24833,-0.066941,0.066696,-0.006303,0.066994,66.994,0.1
16289+1825,STF2052AB,historical,1924.43000,Ma,0.7,Bal1924,,,274.80000,0.59000,273.21010,0.647430,1.58990,-0.057430,0.058483,0.013115,0.059936,59.936,0.1
16289+1825,STF2052AB,historical,1924.43000,Ma,0.3,B__1925a,,,271.20000,0.65000,273.21010,0.647430,-2.01010,0.002570,-0.003444,-0.022642,0.022902,22.902,0.1
16289+1825,STF2052AB,historical,1924.52000,Ma,0.3,Fat1941,,,274.30000,0.71000,272.86863,0.651752,1.43137,0.058248,-0.057066,0.020617,0.060676,60.676,0.1
16289+1825,STF2052AB,historical,1925.32000,Ma,0.3,B__1925a,,,267.80000,0.69000,270.00473,0.684534,-2.20473,0.005466,-0.004958,-0.026544,0.027003,27.003,0.1
16289+1825,STF2052AB,historical,1925.38000,Ma,0.7,Pav1962,,,267.90000,0.70000,269.80034,0.686609,-1.90034,0.013391,-0.012925,-0.023258,0.026608,26.608,0.1
16289+1825,STF2052AB,historical,1925.39000,Ma,1,VBs1936,,,269.10000,0.70000,269.76640,0.686951,-0.66640,0.013049,-0.012969,-0.008194,0.015341,15.341,0.1
16289+1825,STF2052AB,historical,1925.45600,Ma,0.7,StG1962a,,,271.20000,0.75000,269.54320,0.689167,1.65680,0.060833,-0.060690,0.021201,0.064287,64.287,0.1
16289+1825,STF2052AB,historical,1925.49000,Ma,0.7,Plq1926b,,,269.80000,0.62000,269.42877,0.690286,0.37123,-0.070286,0.070255,0.004718,0.070414,70.414,0.1
16289+1825,STF2052AB,historical,1925.54000,Ma,0.3,Lv_1930,,,268.90000,0.77000,269.26116,0.691903,-0.36116,0.078097,-0.078013,-0.005860,0.078233,78.233,0.1
16289+1825,STF2052AB,historical,1925.54000,Ma,0.3,Fat1941,,,265.80000,0.65000,269.26116,0.691903,-3.46116,-0.041903,0.043591,-0.038683,0.058280,58.280,0.1
16289+1825,STF2052AB,historical,1925.55000,Ma,0.3,Ber1924,q,,270.30000,0.75000,269.22773,0.692222,1.07227,0.057778,-0.057831,0.013257,0.059331,59.331,0.1
16289+1825,STF2052AB,historical,1926.29000,Ma,1,VBs1936,,,266.90000,0.69000,266.82889,0.712369,0.07111,-0.022369,0.022288,0.002093,0.022386,22.386,0.1
16289+1825,STF2052AB,historical,1926.46000,Ma,0.7,Fur1927,,,266.10000,0.71000,266.29537,0.716097,-0.19537,-0.006097,0.006245,-0.002022,0.006564,6.564,0.1
16289+1825,STF2052AB,historical,1926.54000,Ma,0.3,Lv_1930,,,266.40000,0.73000,266.04617,0.717745,0.35383,0.012255,-0.012523,0.003653,0.013045,13.045,0.1
16289+1825,STF2052AB,historical,1926.56000,Ma,0.3,Fat1941,,,268.40000,0.71000,265.98405,0.718147,2.41595,-0.008147,0.006660,0.030470,0.031190,31.190,0.1
16289+1825,STF2052AB,historical,1926.63000,Ma,0.3,Ber1927,,,266.10000,0.77000,265.76715,0.719520,0.33285,0.050480,-0.050660,0.000736,0.050665,50.665,0.1
16289+1825,STF2052AB,historical,1927.37000,Ma,0.9,A__1935e,,,262.40000,0.68000,263.51770,0.731171,-1.11770,-0.051171,0.052470,-0.007388,0.052987,52.987,0.1
16289+1825,STF2052AB,historical,1927.38000,Ma,0.2,Rab1930b,,,262.70000,0.74000,263.48776,0.731295,-0.78776,0.008705,-0.007426,-0.011088,0.013344,13.344,0.1
16289+1825,STF2052AB,historical,1928.55000,Ma,0.3,Fat1941,,,258.60000,0.86000,260.03697,0.740691,-1.43697,0.119309,-0.113512,-0.041836,0.120976,120.976,0.1
16289+1825,STF2052AB,historical,1929.03000,Ma,1,VBs1936,,,258.20000,0.75000,258.63910,0.742028,-0.43910,0.007972,-0.006662,-0.007201,0.009811,9.811,0.1
16289+1825,STF2052AB,historical,1929.33000,Ma,0.7,B__1934a,,,256.70000,0.79000,257.76710,0.742250,-1.06710,0.047750,-0.043415,-0.024467,0.049834,49.834,0.1
16289+1825,STF2052AB,historical,1929.54000,Ma,0.3,Bon1938,,,255.30000,0.66000,257.15678,0.742152,-1.85678,-0.082152,0.085188,-0.002512,0.085225,85.225,0.1
16289+1825,STF2052AB,historical,1930.34000,Ma,1,VBs1936,,,254.30000,0.74000,254.82617,0.740106,-0.52617,-0.000106,0.001911,-0.006523,0.006797,6.797,0.1
16289+1825,STF2052AB,historical,1930.49000,Ma,0.3,Kui1933,,,254.70000,0.69000,254.38736,0.739462,0.31264,-0.049462,0.046633,0.016941,0.049615,49.615,0.1
16289+1825,STF2052AB,historical,1931.23000,Ma,0.3,Kui1933,,,253.60000,0.68000,252.20907,0.735286,1.39093,-0.055286,0.047789,0.032670,0.057889,57.889,0.1
16289+1825,STF2052AB,historical,1931.48000,Ma,0.7,StG1962a,,,251.50000,0.80000,251.46700,0.733548,0.03300,0.066452,-0.063153,-0.020685,0.066454,66.454,0.1
16289+1825,STF2052AB,historical,1931.56000,Ma,0.6,Smw1937,,,252.80000,0.68000,251.22877,0.732961,1.57123,-0.052961,0.044386,0.034778,0.056388,56.388,0.1
16289+1825,STF2052AB,historical,1931.56000,Ma,0.3,Bon1938,,,246.90000,0.70000,251.22877,0.732961,-4.32877,-0.032961,0.050100,-0.038776,0.063353,63.353,0.1
16289+1825,STF2052AB,historical,1932.40000,Ma,1,VBs1936,,,247.60000,0.75000,248.70227,0.726035,-1.10227,0.023965,-0.016958,-0.022096,0.027854,27.854,0.1
16289+1825,STF2052AB,historical,1932.45000,Ma,0.7,StG1962a,,,247.20000,0.72000,248.55031,0.725585,-1.35031,-0.005585,0.011588,-0.013676,0.017926,17.926,0.1
16289+1825,STF2052AB,historical,1932.48000,Ma,0.6,Smw1937,,,248.70000,0.67000,248.45904,0.725312,0.24096,-0.055312,0.050420,0.022932,0.055390,55.390,0.1
16289+1825,STF2052AB,historical,1932.61000,Ma,0.7,B__1934a,,,247.30000,0.77000,248.06275,0.724118,-0.76275,0.045882,-0.038667,-0.026624,0.046946,46.946,0.1
16289+1825,STF2052AB,historical,1932.64000,Ma,0.7,Fin1934b,,,248.00000,0.71000,247.97111,0.723839,0.02889,-0.013839,0.012695,0.005523,0.013844,13.844,0.1
16289+1825,STF2052AB,historical,1933.26000,Ma,0.2,B__1937b,,,249.00000,0.79000,246.06086,0.717830,2.93914,0.072170,-0.081448,0.008160,0.081856,81.856,0.1
16289+1825,STF2052AB,historical,1933.50000,Ma,0.7,Fur1934,,,247.20000,0.68000,245.31261,0.715398,1.88739,-0.035398,0.023144,0.035288,0.042200,42.200,0.1
16289+1825,STF2052AB,historical,1933.52000,Ma,0.4,Pok1936,q,,245.80000,1.17000,245.25003,0.715193,0.54997,0.454807,-0.417682,-0.180188,0.454891,454.891,0.1
16289+1825,STF2052AB,historical,1933.59000,Ma,0.3,Baz1936e,,,247.10000,0.73000,245.03070,0.714474,2.06930,0.015526,-0.024770,0.017542,0.030353,30.353,0.1
16289+1825,STF2052AB,historical,1934.28000,Ma,0.5,Ol_1939,,,239.30000,0.79000,242.84451,0.707221,-3.54451,0.082779,-0.050019,-0.080548,0.094815,94.815,0.1
16289+1825,STF2052AB,historical,1934.51000,Ma,0.3,Rab1939,,,243.00000,0.81000,242.10568,0.704757,0.89432,0.105243,-0.098843,-0.038017,0.105902,105.902,0.1
16289+1825,STF2052AB,historical,1934.52000,Ma,0.7,Fur1934,,,242.80000,0.64000,242.07344,0.704649,0.72656,-0.064649,0.053365,0.037472,0.065208,65.208,0.1
16289+1825,STF2052AB,historical,1934.56000,Ma,0.3,Baz1936e,,,243.10000,0.75000,241.94439,0.704219,1.15561,0.045781,-0.047381,-0.008112,0.048070,48.070,0.1
16289+1825,STF2052AB,historical,1934.56000,Ma,0.7,Cul1934,,,240.10000,0.71000,241.94439,0.704219,-1.84439,0.005781,0.005971,-0.022712,0.023484,23.484,0.1
16289+1825,STF2052AB,historical,1934.64000,Ma,0.7,B__1937b,,,241.00000,0.73000,241.68579,0.703358,-0.68579,0.026642,-0.019265,-0.020304,0.027989,27.989,0.1
16289+1825,STF2052AB,historical,1935.04000,Ma,1,VBs1936,,,243.40000,0.71000,240.38326,0.699040,3.01674,0.010960,-0.027139,0.027553,0.038675,38.675,0.1
16289+1825,STF2052AB,historical,1935.42000,Ma,0.7,Cul1937,,,239.00000,0.63000,239.13086,0.694939,-0.13086,-0.064939,0.056480,0.032085,0.064957,64.957,0.1
16289+1825,STF2052AB,historical,1935.52000,Ma,0.3,Rab1939,,,238.90000,0.75000,238.79882,0.693864,0.10118,0.056136,-0.048701,-0.027948,0.056151,56.151,0.1
16289+1825,STF2052AB,historical,1935.54000,Ma,0.3,Baz1936e,,,240.10000,0.82000,238.73229,0.693649,1.36771,0.126351,-0.117958,-0.048730,0.127627,127.627,0.1
16289+1825,STF2052AB,historical,1936.48000,Ma,0.2,Dur1937,,,236.20000,0.73000,235.55864,0.683718,0.64136,0.046282,-0.042753,-0.019411,0.046953,46.953,0.1
16289+1825,STF2052AB,historical,1936.48000,Ma,0.7,Woy1937a,,,237.40000,0.84000,235.55864,0.683718,1.84136,0.156282,-0.143794,-0.065882,0.158168,158.168,0.1
16289+1825,STF2052AB,historical,1936.52000,Ma,0.3,Baz1939c,,,236.80000,0.79000,235.42156,0.683305,1.37844,0.106695,-0.098445,-0.044776,0.108149,108.149,0.1
16289+1825,STF2052AB,historical,1936.54000,Ma,0.7,B__1937b,,,236.50000,0.71000,235.35296,0.683099,1.14704,0.026901,-0.030094,-0.003520,0.030299,30.299,0.1
16289+1825,STF2052AB,historical,1936.56000,Ma,0.3,Rab1939,,,236.50000,0.74000,235.28431,0.682893,1.21569,0.057107,-0.055745,-0.019522,0.059065,59.065,0.1
16289+1825,STF2052AB,historical,1936.60000,Ma,0.5,Brt1939a,,,239.00000,0.59000,235.14690,0.682483,3.85310,-0.092483,0.054330,0.086149,0.101850,101.850,0.1
16289+1825,STF2052AB,historical,1936.60000,Ma,0.7,New1937,,,235.00000,0.73000,235.14690,0.682483,-0.14690,0.047517,-0.037922,-0.028690,0.047552,47.552,0.1
16289+1825,STF2052AB,historical,1937.30000,Ma,0.4,Smw1951,,,234.60000,0.78000,232.71560,0.675487,1.88440,0.104513,-0.098356,-0.042648,0.107205,107.205,0.1
16289+1825,STF2052AB,historical,1937.39000,Ma,0.2,Phl1937,,,235.20000,0.66000,232.39939,0.674617,2.80061,-0.014617,-0.007471,0.034949,0.035739,35.739,0.1
16289+1825,STF2052AB,historical,1937.47000,Ma,0.3,Baz1939c,,,232.40000,0.77000,232.11764,0.673851,0.28236,0.096149,-0.078211,-0.056039,0.096215,96.215,0.1
16289+1825,STF2052AB,historical,1937.52000,Ma,0.4,Vat1939,,,232.50000,0.82000,231.94121,0.673375,0.55879,0.146625,-0.120349,-0.084069,0.146804,146.804,0.1
16289+1825,STF2052AB,historical,1937.54000,Ma,0.3,Rab1939,,,232.68000,0.74000,231.87057,0.673185,0.80943,0.066815,-0.058955,-0.032986,0.067555,67.555,0.1
16289+1825,STF2052AB,historical,1937.58000,Ma,0.7,Tan1948,,,234.80000,0.57000,231.72917,0.672807,3.07083,-0.102807,0.062442,0.088156,0.108030,108.030,0.1
16289+1825,STF2052AB,historical,1937.58000,Ma,0.3,Dur1941,,,229.90000,0.66000,231.72917,0.672807,-1.82917,-0.012807,0.023367,-0.008399,0.024830,24.830,0.1
16289+1825,STF2052AB,historical,1938.32000,Ma,0.2,Phl1941,,,230.50000,0.66000,229.08516,0.666117,1.41484,-0.006117,-0.005898,0.016453,0.017478,17.478,0.1
16289+1825,STF2052AB,historical,1938.39000,Ma,0.3,Str1939,,,229.30000,0.75000,228.83234,0.665517,0.46766,0.084483,-0.067608,-0.050987,0.084679,84.679,0.1
16289+1825,STF2052AB,historical,1938.46000,Ma,0.3,Baz1939c,,,228.60000,0.67000,228.57908,0.664923,0.02092,0.005077,-0.003969,-0.003175,0.005083,5.083,0.1
16289+1825,STF2052AB,historical,1938.46000,Ma,0.3,Dur1940a,,,231.00000,0.68000,228.57908,0.664923,2.42092,0.015077,-0.029854,0.011966,0.032162,32.162,0.1
16289+1825,STF2052AB,historical,1938.56000,Ma,0.3,Rab1939,,,228.90000,0.73000,228.21649,0.664085,0.68351,0.065915,-0.054914,-0.037392,0.066436,66.436,0.1
16289+1825,STF2052AB,historical,1939.32000,Ma,0.2,Phl1941,,,227.50000,0.57000,225.43195,0.658159,2.06805,-0.088159,0.048636,0.076780,0.090888,90.888,0.1
16289+1825,STF2052AB,historical,1939.44000,Ma,0.7,B__1949c,,,226.90000,0.69000,224.98783,0.657299,1.91217,0.032701,-0.039130,-0.006580,0.039680,39.680,0.1
16289+1825,STF2052AB,historical,1939.45000,Ma,0.3,Scd1940a,,,228.10000,0.87000,224.95077,0.657228,3.14923,0.212772,-0.183220,-0.115885,0.216792,216.792,0.1
16289+1825,STF2052AB,historical,1939.51000,Mc,0.7,Sym1939,,,222.50000,0.64000,224.72823,0.656807,-2.22823,-0.016807,0.029847,-0.005227,0.030301,30.301,0.1
16289+1825,STF2052AB,historical,1939.54000,Ma,0.3,Rab1953,,,224.50000,0.71000,224.61685,0.656598,-0.11685,0.053402,-0.036476,-0.039028,0.053420,53.420,0.1
16289+1825,STF2052AB,historical,1939.54000,Ma,0.4,Smw1951,,,225.40000,0.65000,224.61685,0.656598,0.78315,-0.006598,-0.001647,0.010980,0.011103,11.103,0.1
16289+1825,STF2052AB,historical,1939.56000,Ma,0.3,Baz1944a,,,226.00000,0.65000,224.54256,0.656460,1.45744,-0.006460,-0.007104,0.016351,0.017827,17.827,0.1
16289+1825,STF2052AB,historical,1940.21000,Ma,0.4,Smw1951,,,221.90000,0.62000,222.11186,0.652314,-0.21186,-0.032314,0.023372,0.022437,0.032399,32.399,0.1
16289+1825,STF2052AB,historical,1940.54000,Ma,0.7,Rab1953,,,223.70000,0.70000,220.86662,0.650477,2.83338,0.049523,-0.058011,-0.014164,0.059715,59.715,0.1
16289+1825,STF2052AB,historical,1940.56000,Ma,0.3,Vat1945,,,219.00000,0.74000,220.79093,0.650371,-1.79093,0.089629,-0.040809,-0.082693,0.092214,92.214,0.1
16289+1825,STF2052AB,historical,1940.58000,Ma,0.3,Baz1944a,,,223.20000,0.67000,220.71521,0.650267,2.48479,0.019733,-0.034478,0.004468,0.034766,34.766,0.1
16289+1825,STF2052AB,historical,1940.97000,Ma,0.7,B__1949c,,,221.50000,0.68000,219.23410,0.648369,2.26590,0.031631,-0.040494,-0.007084,0.041109,41.109,0.1
16289+1825,STF2052AB,historical,1941.37000,Ma,0.4,Kor1948,,,219.40000,0.69000,217.70664,0.646711,1.69336,0.043289,-0.042423,-0.021539,0.047578,47.578,0.1
16289+1825,STF2052AB,historical,1941.49000,Ma,0.3,Rab1953,,,217.80000,0.71000,217.24695,0.646272,0.55305,0.063728,-0.044007,-0.046555,0.064063,64.063,0.1
16289+1825,STF2052AB,historical,1941.49000,Ma,0.3,Baz1945b,,,218.60000,0.58000,217.24695,0.646272,1.35305,-0.066272,0.029307,0.061173,0.067831,67.831,0.1
16289+1825,STF2052AB,historical,1942.32000,Ma,0.4,Vou1955,,,214.20000,0.74000,214.05294,0.643999,0.14706,0.096001,-0.055329,-0.078473,0.096017,96.017,0.1
16289+1825,STF2052AB,historical,1942.52000,Ma,0.3,Rab1953,,,215.10000,0.71000,213.28042,0.643657,1.81958,0.066343,-0.055055,-0.042793,0.069730,69.730,0.1
16289+1825,STF2052AB,historical,1942.53000,Ma,0.3,Dur1944d,,,214.90000,0.65000,213.24178,0.643642,1.65822,0.006358,-0.019068,0.005220,0.019769,19.769,0.1
16289+1825,STF2052AB,historical,1942.69000,Ma,0.3,Baz1945b,,,214.90000,0.58000,212.62321,0.643429,2.27679,-0.063429,0.015036,0.066230,0.067915,67.915,0.1
16289+1825,STF2052AB,historical,1943.47000,Ma,0.3,Baz1945b,,,212.00000,0.60000,209.60444,0.643152,2.39556,-0.043152,-0.000228,0.050364,0.050365,50.365,0.1
16289+1825,STF2052AB,historical,1943.52000,Ma,0.3,Rab1953,,,209.90000,0.71000,209.41091,0.643178,0.48909,0.066822,-0.038081,-0.055211,0.067070,67.070,0.1
16289+1825,STF2052AB,historical,1943.55000,Ma,0.3,Dur1977,,,209.20000,0.62000,209.29481,0.643196,-0.09481,-0.023196,0.012245,0.019729,0.023220,23.220,0.1
16289+1825,STF2052AB,historical,1944.39000,Ma,1,VBs1954,,,205.70000,0.69000,206.04914,0.644480,-0.34914,0.045520,-0.016206,-0.042730,0.045701,45.701,0.1
16289+1825,STF2052AB,historical,1944.50000,Ma,0.3,Baz1948c,,,207.50000,0.67000,205.62531,0.644761,1.87469,0.025239,-0.030523,-0.012954,0.033158,33.158,0.1
16289+1825,STF2052AB,historical,1944.51000,Ma,0.3,Rab1953,,,206.00000,0.56000,205.58680,0.644788,0.41320,-0.084788,0.032982,0.078230,0.084898,84.898,0.1
16289+1825,STF2052AB,historical,1945.51000,Ma,0.3,Baz1948c,,,203.20000,0.65000,201.75605,0.648559,1.44395,0.001441,-0.015670,0.004925,0.016426,16.426,0.1
16289+1825,STF2052AB,historical,1945.61000,Ma,0.4,Egg1947,,,199.60000,0.65000,201.37570,0.649055,-1.77570,0.000945,0.018525,-0.007930,0.020151,20.151,0.1
16289+1825,STF2052AB,historical,1946.49000,Ma,0.3,Baz1948c,,,199.30000,0.65000,198.05689,0.654351,1.24311,-0.004351,-0.012011,0.008653,0.014803,14.803,0.1
16289+1825,STF2052AB,historical,1946.53000,Ma,0.3,Rab1953,,,199.40000,0.71000,197.90738,0.654631,1.49262,0.055369,-0.034549,-0.046770,0.058147,58.147,0.1
16289+1825,STF2052AB,historical,1947.46000,Ma,0.3,Baz1948c,,,194.70000,0.69000,194.47045,0.662099,0.22955,0.027901,-0.009647,-0.026320,0.028032,28.032,0.1
16289+1825,STF2052AB,historical,1947.66000,Ma,0.5,Ol_1949,,,193.10000,0.90000,193.74201,0.663941,-0.64201,0.236059,-0.046267,-0.231642,0.236218,236.218,0.1
16289+1825,STF2052AB,historical,1948.48000,Ma,0.3,Baz1952d,,,191.30000,0.73000,190.79999,0.672348,0.50001,0.057652,-0.017055,-0.055410,0.057976,57.976,0.1
16289+1825,STF2052AB,historical,1948.54000,Ma,0.3,Rab1961b,,,192.30000,0.78000,190.58770,0.673016,1.71230,0.106984,-0.042504,-0.100538,0.109153,109.153,0.1
16289+1825,STF2052AB,historical,1948.62000,Ma,1,VBs1954,,,192.60000,0.73000,190.30530,0.673918,2.29470,0.056082,-0.038685,-0.049373,0.062723,62.723,0.1
16289+1825,STF2052AB,historical,1948.64000,Mb,2.1,VBs1954,,,193.00000,0.67000,190.23482,0.674145,2.76518,-0.004145,-0.030933,0.010590,0.032696,32.696,0.1
16289+1825,STF2052AB,historical,1949.49000,Ma,0.4,Baz1952d,,,189.60000,0.68000,187.28477,0.684531,2.31523,-0.004531,-0.026604,0.008528,0.027937,27.937,0.1
16289+1825,STF2052AB,historical,1949.50000,Ma,0.3,Guy1951,,,184.90000,0.82000,187.25061,0.684661,-2.35061,0.135339,0.016369,-0.137817,0.138786,138.786,0.1
16289+1825,STF2052AB,historical,1949.55000,Ma,0.3,Rab1961b,,,187.70000,0.72000,187.08000,0.685316,0.62000,0.034684,-0.012001,-0.033418,0.035507,35.507,0.1
16289+1825,STF2052AB,historical,1950.39000,Ma,0.5,Dom1959a,,,187.80000,0.81000,184.26359,0.697005,3.53641,0.112995,-0.058111,-0.107430,0.122139,122.139,0.1
16289+1825,STF2052AB,historical,1950.49000,Mc,0.4,Pre1951,,,184.20000,0.77000,183.93472,0.698481,0.26528,0.071519,-0.008464,-0.071097,0.071599,71.599,0.1
16289+1825,STF2052AB,historical,1950.50000,Ma,0.7,Mrz1956,,,184.40000,0.65000,183.90191,0.698630,0.49809,-0.048630,-0.002327,0.048926,0.048981,48.981,0.1
16289+1825,STF2052AB,historical,1950.50000,Ma,0.4,Vou1951,,,171.60000,0.65000,183.90191,0.698630,-12.30191,-0.048630,0.142495,0.053983,0.152378,152.378,0.1
16289+1825,STF2052AB,historical,1950.51000,Ma,0.3,Rab1961b,,,183.70000,0.77000,183.86912,0.698778,-0.16912,0.071222,-0.002538,-0.071209,0.071254,71.254,0.1
16289+1825,STF2052AB,historical,1950.62000,Ma,0.4,Baz1952d,,,184.40000,0.72000,183.50929,0.700427,0.89071,0.019573,-0.012364,-0.018765,0.022472,22.472,0.1
16289+1825,STF2052AB,historical,1951.40000,Ma,0.5,Dom1959a,,,185.00000,0.71000,181.00702,0.712709,3.99298,-0.002709,-0.049355,0.005300,0.049639,49.639,0.1
16289+1825,STF2052AB,historical,1951.51000,Ma,0.4,Baz1954a,,,182.40000,0.78000,180.66118,0.714523,1.73882,0.065477,-0.024418,-0.064841,0.069286,69.286,0.1
16289+1825,STF2052AB,historical,1951.51000,Ma,0.4,BzF1954,,,182.30000,0.76000,180.66118,0.714523,1.63882,0.045477,-0.022255,-0.044912,0.050124,50.124,0.1
16289+1825,STF2052AB,historical,1951.52000,Ma,0.3,Rab1961b,,,180.60000,0.71000,180.62983,0.714689,-0.02983,-0.004689,0.000421,0.004684,0.004703,4.703,0.1
16289+1825,STF2052AB,historical,1951.57000,Mc,0.6,Mlr1951a,,,180.80000,0.76000,180.47329,0.715521,0.32671,0.044479,-0.004701,-0.044430,0.044678,44.678,0.1
16289+1825,STF2052AB,historical,1951.57000,Ma,0.7,B__1953a,,,183.70000,0.59000,180.47329,0.715521,3.22671,-0.125521,-0.032164,0.126726,0.130744,130.744,0.1
16289+1825,STF2052AB,historical,1951.63000,Ma,0.7,Mrz1956,,,180.10000,0.62000,180.28591,0.716524,-0.18591,-0.096524,0.002493,0.096516,0.096549,96.549,0.1
16289+1825,STF2052AB,historical,1952.28000,Mb,2.1,VBs1960,,,179.90000,0.82000,178.28989,0.727764,1.61011,0.092236,-0.020287,-0.092559,0.094756,94.756,0.1
16289+1825,STF2052AB,historical,1952.37000,Mc,0.4,Cou1953e,,,177.60000,0.68000,178.01842,0.729372,-0.41842,-0.049372,0.003255,0.049532,0.049639,49.639,0.1
16289+1825,STF2052AB,historical,1952.44000,Ma,0.5,Dom1959a,,,178.60000,0.76000,177.80811,0.730631,0.79189,0.029369,-0.009375,-0.029677,0.031123,31.123,0.1
16289+1825,STF2052AB,historical,1952.51000,Ma,0.5,Ol_1957,,,173.20000,0.80000,177.59853,0.731897,-4.39853,0.068103,0.064056,-0.063118,0.089928,89.928,0.1
16289+1825,STF2052AB,historical,1952.52000,Ma,0.3,Rab1961b,,,176.90000,0.81000,177.56865,0.732079,-0.66865,0.077921,0.012747,-0.077395,0.078437,78.437,0.1
16289+1825,STF2052AB,historical,1953.35000,Ma,0.5,Dom1959a,,,176.30000,0.75000,175.14023,0.747656,1.15977,0.002344,-0.014940,-0.003468,0.015337,15.337,0.1
16289+1825,STF2052AB,historical,1953.51000,Ma,0.4,Baz1954a,,,176.80000,0.75000,174.68386,0.750771,2.11614,-0.000771,-0.027694,-0.001289,0.027724,27.724,0.1
16289+1825,STF2052AB,historical,1953.52000,Ma,0.4,BzF1954,,,176.30000,0.74000,174.65546,0.750967,1.64454,-0.010967,-0.022195,0.009245,0.024043,24.043,0.1
16289+1825,STF2052AB,historical,1953.53000,Mc,0.4,Cou1953e,,,176.50000,0.78000,174.62708,0.751163,1.87292,0.028837,-0.022719,-0.030682,0.038178,38.178,0.1
16289+1825,STF2052AB,historical,1953.54000,Ma,0.3,Rab1961b,,,173.30000,0.81000,174.59871,0.751359,-1.29871,0.058641,0.023777,-0.056445,0.061249,61.249,0.1
16289+1825,STF2052AB,historical,1954.37000,Mc,0.2,Mlr1955c,,,170.90000,0.86000,172.29565,0.768102,-1.39565,0.091898,0.033043,-0.088007,0.094006,94.006,0.1
16289+1825,STF2052AB,historical,1954.41000,Ma,0.3,Ces1954,,,169.20000,0.77000,172.18722,0.768931,-2.98722,0.001069,0.039758,0.005433,0.040127,40.127,0.1
16289+1825,STF2052AB,historical,1954.47000,Ma,0.5,Dom1959a,,,171.00000,0.66000,172.02501,0.770179,-1.02501,-0.110179,-0.003609,0.110856,0.110915,110.915,0.1
16289+1825,STF2052AB,historical,1954.50000,Ma,0.3,Ces1954,,,173.60000,0.91000,171.94410,0.770805,1.65590,0.139195,-0.006583,-0.141131,0.141284,141.284,0.1
16289+1825,STF2052AB,historical,1954.54000,Ma,0.3,Rab1961b,,,171.00000,0.82000,171.83642,0.771641,-0.83642,0.048359,0.018704,-0.046083,0.049734,49.734,0.1
16289+1825,STF2052AB,historical,1954.55000,Ma,0.5,Ces1954,,,171.40000,0.78000,171.80954,0.771850,-0.40954,0.008150,0.006677,-0.007253,0.009858,9.858,0.1
16289+1825,STF2052AB,historical,1955.16000,Ma,0.3,Wor1956b,,,172.00000,0.75000,170.19718,0.784844,1.80282,-0.034844,-0.029246,0.030683,0.042389,42.389,0.1
16289+1825,STF2052AB,historical,1955.50000,Mc,0.4,Cou1956,,,168.80000,0.83000,169.32171,0.792275,-0.52171,0.037725,0.014411,-0.035638,0.038441,38.441,0.1
16289+1825,STF2052AB,historical,1955.50000,Ma,0.7,Dju1955a,,,170.00000,0.71000,169.32171,0.792275,0.67829,-0.082275,-0.023514,0.079342,0.082753,82.753,0.1
16289+1825,STF2052AB,historical,1955.52000,Ma,0.4,Baz1957b,,,170.50000,0.81000,169.27073,0.792716,1.22927,0.017284,-0.013890,-0.020034,0.024378,24.378,0.1
16289+1825,STF2052AB,historical,1955.52000,Mc,0.5,Mlr1956d,,,169.50000,0.84000,169.27073,0.792716,0.22927,0.047284,0.005499,-0.047076,0.047396,47.396,0.1
16289+1825,STF2052AB,historical,1955.54000,Ma,0.3,Rab1961b,,,168.30000,0.83000,169.21980,0.793158,-0.91980,0.036842,0.019960,-0.033595,0.039077,39.077,0.1
16289+1825,STF2052AB,historical,1956.30000,Mc,0.6,Cam1956a,,,167.80000,0.83000,167.32618,0.810262,0.47382,0.019738,-0.002372,-0.020735,0.020871,20.871,0.1
16289+1825,STF2052AB,historical,1956.43000,Ma,0.3,Wor1957,,,167.30000,0.83000,167.01032,0.813248,0.28968,0.016752,-0.000326,-0.017256,0.017259,17.259,0.1
16289+1825,STF2052AB,historical,1956.56000,Ma,0.3,Rab1961b,,,167.10000,0.79000,166.69677,0.816252,0.40323,-0.026252,-0.011456,0.024287,0.026853,26.853,0.1
16289+1825,STF2052AB,historical,1957.43000,Mc,0.4,Cou1958a,,,164.40000,0.86000,164.65710,0.836771,-0.25710,0.023229,0.009865,-0.021371,0.023539,23.539,0.1
16289+1825,STF2052AB,historical,1957.46000,Mc,0.5,Br_1961,,,166.40000,0.88000,164.58856,0.837491,1.81144,0.042509,-0.015637,-0.047949,0.050434,50.434,0.1
16289+1825,STF2052AB,historical,1957.49000,Mb,0.3,You9999,,,177.50000,0.65000,164.52014,0.838212,12.97986,-0.188212,-0.195366,0.158424,0.251527,251.527,0.1
16289+1825,STF2052AB,historical,1957.50000,Ma,0.3,B__1958,,,163.50000,0.84000,164.49736,0.838453,-0.99736,0.001547,0.014469,0.002540,0.014690,14.690,0.1
16289+1825,STF2052AB,historical,1957.50000,Mc,0.2,Mlr1959,,,163.00000,0.90000,164.49736,0.838453,-1.49736,0.061547,0.039031,-0.052726,0.065600,65.600,0.1
16289+1825,STF2052AB,historical,1957.52000,Ma,0.3,Wor1960,,,165.20000,0.85000,164.45184,0.838934,0.74816,0.011066,-0.007746,-0.013566,0.015622,15.622,0.1
16289+1825,STF2052AB,historical,1957.57000,Ma,0.3,Rab1961b,,,163.00000,0.95000,164.33826,0.840139,-1.33826,0.109861,0.050951,-0.099543,0.111825,111.825,0.1
16289+1825,STF2052AB,historical,1957.69000,Ma,0.2,Clu1958,,,165.70000,0.81000,164.06699,0.843039,1.63301,-0.033039,-0.031356,0.025749,0.040574,40.574,0.1
16289+1825,STF2052AB,historical,1958.31000,Ma,1,B__1960b,,,167.20000,0.81000,162.69491,0.858219,4.50509,-0.048219,-0.075831,0.029500,0.081367,81.367,0.1
16289+1825,STF2052AB,historical,1958.45000,Mb,0.9,B__1960b,,,163.90000,0.78000,162.39181,0.861690,1.50819,-0.081690,-0.044361,0.071910,0.084492,84.492,0.1
16289+1825,STF2052AB,historical,1958.53000,Mb,2.1,B__1960b,,,164.70000,0.86000,162.21970,0.863681,2.48030,-0.003681,-0.036810,-0.007093,0.037487,37.487,0.1
16289+1825,STF2052AB,historical,1959.31000,Mr,0.7,Pip1961,,,163.80000,0.87000,160.58268,0.883347,3.21732,-0.013347,-0.050943,-0.002352,0.050997,50.997,0.1
16289+1825,STF2052AB,historical,1959.39000,Mr,0.7,JDH1961,,,162.90000,0.78000,160.41891,0.885389,2.48109,-0.105389,-0.067378,0.088667,0.111363,111.363,0.1
16289+1825,STF2052AB,historical,1959.51000,Ma,0.7,Hnz1963,,,162.60000,0.76000,160.17467,0.888461,2.42533,-0.128461,-0.074054,0.110580,0.133086,133.086,0.1
16289+1825,STF2052AB,historical,1959.51000,Ma,0.7,Pau1963,,,162.90000,0.78000,160.17467,0.888461,2.72533,-0.108461,-0.071974,0.090284,0.115462,115.462,0.1
16289+1825,STF2052AB,historical,1959.53000,Ma,0.3,Wor1960,,,161.20000,0.99000,160.13412,0.888974,1.06588,0.101026,0.016952,-0.101111,0.102522,102.522,0.1
16289+1825,STF2052AB,historical,1959.53000,Mr,0.7,Woy1961,,,161.40000,0.87000,160.13412,0.888974,1.26588,-0.018974,-0.024596,0.011513,0.027157,27.157,0.1
16289+1825,STF2052AB,historical,1959.54000,Ma,0.3,Arc1960,,,157.50000,1.26000,160.11387,0.889231,-2.61387,0.370769,0.179708,-0.327882,0.373900,373.900,0.1
16289+1825,STF2052AB,historical,1959.66000,Ma,0.2,Clu2007,,,162.10000,0.92000,159.87174,0.892315,2.22826,0.027685,-0.024298,-0.037650,0.044810,44.810,0.1
16289+1825,STF2052AB,historical,1959.98000,Mr,0.7,Cdy1961,,,161.20000,0.84000,159.23418,0.900587,1.96582,-0.060587,-0.048599,0.046897,0.067537,67.537,0.1
16289+1825,STF2052AB,historical,1960.39000,Ma,0.3,Wor1963a,,,159.10000,1.00000,158.43431,0.911284,0.66569,0.088716,0.021779,-0.086713,0.089407,89.407,0.1
16289+1825,STF2052AB,historical,1960.41000,Mc,0.4,Cou1961a,,,159.20000,0.91000,158.39577,0.911808,0.80423,-0.001808,-0.012574,-0.002938,0.012913,12.913,0.1
16289+1825,STF2052AB,historical,1960.49000,Ma,0.4,Baz1964,,,158.40000,0.89000,158.24206,0.913909,0.15794,-0.023909,-0.011142,0.021299,0.024038,24.038,0.1
16289+1825,STF2052AB,historical,1961.30000,Ma,0.3,Wor1963a,,,158.20000,0.93000,156.72492,0.935388,1.47508,-0.005388,-0.024243,-0.004227,0.024609,24.609,0.1
16289+1825,STF2052AB,historical,1961.47000,Ma,0.3,Hei1963b,,,157.70000,0.94000,156.41534,0.939943,1.28466,0.000057,-0.019386,-0.008268,0.021075,21.075,0.1
16289+1825,STF2052AB,historical,1961.52000,Ma,0.3,B__1962a,,,157.10000,0.87000,156.32486,0.941286,0.77514,-0.071286,-0.039436,0.060633,0.072329,72.329,0.1
16289+1825,STF2052AB,historical,1962.33000,Ma,0.9,B__1962d,,,156.10000,0.94000,154.89441,0.963214,1.20559,-0.023214,-0.027847,0.012818,0.030655,30.655,0.1
16289+1825,STF2052AB,historical,1962.45000,Mr,0.7,Woy1964,,,156.90000,0.92000,154.68803,0.966490,2.21197,-0.046490,-0.052270,0.027465,0.059046,59.046,0.1
16289+1825,STF2052AB,historical,1962.47000,Ma,0.4,Baz1964,,,154.30000,1.03000,154.65377,0.967037,-0.35377,0.062963,0.032693,-0.054162,0.063264,63.264,0.1
16289+1825,STF2052AB,historical,1962.52000,Ma,0.6,Hln1963,,,156.80000,0.87000,154.56829,0.968404,2.23171,-0.098404,-0.073137,0.074916,0.104697,104.697,0.1
16289+1825,STF2052AB,historical,1963.15000,Mb,0.3,Dur1977,,,162.80000,0.93000,153.51160,0.985728,9.28840,-0.055728,-0.164643,-0.006158,0.164758,164.758,0.1
16289+1825,STF2052AB,historical,1963.28800,Ma,0.7,Wor1967b,,,154.10000,0.89000,153.28508,0.989546,0.81492,-0.099546,-0.056098,0.083309,0.100436,100.436,0.1
16289+1825,STF2052AB,historical,1963.41000,Mc,0.4,Cou1964,,,154.90000,1.01000,153.08628,0.992927,1.81372,0.017073,-0.021005,-0.029242,0.036005,36.005,0.1
16289+1825,STF2052AB,historical,1963.54800,Mb,1,Wor1971,,,153.30000,0.90000,152.86304,0.996759,0.43696,-0.096759,-0.050254,0.083000,0.097028,97.028,0.1
16289+1825,STF2052AB,historical,1964.68300,Ma,0.3,Wor1971,,,152.70000,0.98000,151.09039,1.028543,1.60961,-0.048543,-0.047751,0.029525,0.056142,56.142,0.1
16289+1825,STF2052AB,historical,1965.25500,Ma,0.7,Pop1969a,,,149.60000,1.12000,150.23810,1.044725,-0.63810,0.075275,0.048159,-0.059094,0.076233,76.233,0.1
16289+1825,STF2052AB,historical,1965.34000,Mr,0.7,Cdy1979,,,151.90000,1.03000,150.11370,1.047138,1.78630,-0.017138,-0.036626,-0.000705,0.036633,36.633,0.1
16289+1825,STF2052AB,historical,1965.36100,Ma,0.7,Zul1969a,,,151.50000,1.10000,150.08305,1.047735,1.41695,0.052265,0.002323,-0.058575,0.058621,58.621,0.1
16289+1825,STF2052AB,historical,1965.54100,Ma,0.7,Wor1971,,,150.90000,1.02000,149.82180,1.052853,1.07820,-0.032853,-0.033198,0.018908,0.038205,38.205,0.1
16289+1825,STF2052AB,historical,1966.26400,Mb,1,Wak1969,,,148.40000,0.95000,148.79760,1.073500,-0.39760,-0.123500,-0.058354,0.109069,0.123698,123.698,0.1
16289+1825,STF2052AB,historical,1966.38600,Ma,0.7,Wak1969,,,147.00000,0.97000,148.62865,1.076997,-1.62865,-0.106997,-0.032366,0.106041,0.110871,110.871,0.1
16289+1825,STF2052AB,historical,1966.43000,Mc,0.4,Bet1966,,,148.80000,1.09000,148.56799,1.078259,0.23201,0.011741,0.002352,-0.012313,0.012535,12.535,0.1
16289+1825,STF2052AB,historical,1966.47800,Ma,0.3,Wak1969,,,149.70000,0.93000,148.50197,1.079636,1.19803,-0.149636,-0.094866,0.117603,0.151096,151.096,0.1
16289+1825,STF2052AB,historical,1966.50000,Ma,0.4,Baz1967,,,147.40000,1.19000,148.47177,1.080267,-1.07177,0.109733,0.076245,-0.081717,0.111763,111.763,0.1
16289+1825,STF2052AB,historical,1966.65000,Mr,0.7,Sym1964a,,,147.50000,1.06000,148.26679,1.084576,-0.76679,-0.024576,-0.000911,0.028444,0.028458,28.458,0.1
16289+1825,STF2052AB,historical,1967.20000,Mb,0.4,Dur1977,,,147.20000,1.06000,147.52896,1.100416,-0.32896,-0.040416,-0.016573,0.037379,0.040889,40.889,0.1
16289+1825,STF2052AB,historical,1967.37500,Ma,0.7,Wor1971,,,149.10000,1.02000,147.29863,1.105469,1.80137,-0.085469,-0.073429,0.055024,0.091757,91.757,0.1
16289+1825,STF2052AB,historical,1967.40700,Mb,1.5,Wak1969,,,146.60000,1.01000,147.25675,1.106394,-0.65675,-0.096394,-0.042436,0.087394,0.097152,97.152,0.1
16289+1825,STF2052AB,historical,1968.50800,Ma,0.5,vDl2011,,,149.20000,1.18000,145.85705,1.138320,3.34295,0.041680,-0.034682,-0.071454,0.079426,79.426,0.1
16289+1825,STF2052AB,historical,1968.58900,Ma,0.3,Wor1972a,,,147.90000,1.16000,145.75717,1.140676,2.14283,0.019324,-0.025438,-0.039710,0.047159,47.159,0.1
16289+1825,STF2052AB,historical,1969.44000,Ma,0.7,Wor1972a,,,146.00000,1.16000,144.73229,1.165489,1.26771,-0.005489,-0.024287,-0.010105,0.026305,26.305,0.1
16289+1825,STF2052AB,historical,1970.41000,Ce,1,Laq1971b,,,144.65000,1.17000,143.61615,1.193874,1.03385,-0.023874,-0.031270,0.006851,0.032011,32.011,1.0
16289+1825,STF2052AB,historical,1970.46000,Mr,0.7,Ary1977,,,147.80000,0.93000,143.56006,1.195339,4.23994,-0.265339,-0.214432,0.174667,0.276568,276.568,0.1
16289+1825,STF2052AB,historical,1970.49000,Ma,0.4,Baz1972,,,142.10000,1.16000,143.52646,1.196218,-1.42646,-0.036218,0.001477,0.046579,0.046603,46.603,0.1
16289+1825,STF2052AB,historical,1971.29700,Ma,0.7,Ole1973,,,142.70000,1.23000,142.64104,1.219899,0.05896,0.010101,0.005123,-0.008796,0.010179,10.179,0.1
16289+1825,STF2052AB,historical,1971.33700,Ma,0.7,Zul1973a,,,143.70000,0.96000,142.59805,1.221074,1.10195,-0.261074,-0.173351,0.196323,0.261903,261.903,0.1
16289+1825,STF2052AB,historical,1971.50100,Ma,0.7,Wor1978,,,143.70000,1.22000,142.42264,1.225892,1.27736,-0.005892,-0.025332,-0.011675,0.027893,27.893,0.1
16289+1825,STF2052AB,historical,1971.51400,Ma,0.9,Wak1972,,,143.20000,1.21000,142.40879,1.226274,0.79121,-0.016274,-0.023238,0.002794,0.023405,23.405,0.1
16289+1825,STF2052AB,historical,1971.85000,Mb,2.1,VBs1974,,,143.00000,1.22000,142.05391,1.236150,0.94609,-0.016150,-0.025919,0.000479,0.025923,25.923,0.1
16289+1825,STF2052AB,historical,1972.16900,Ma,0.7,Beh1977,,,143.30000,1.27000,141.72219,1.245530,1.57781,0.024470,-0.012591,-0.040494,0.042406,42.406,0.1
16289+1825,STF2052AB,historical,1972.52000,Mb,0.6,Dur1977,,,140.50000,1.20000,141.36292,1.255855,-0.86292,-0.055855,-0.020843,0.055019,0.058835,58.835,0.1
16289+1825,STF2052AB,historical,1973.44500,Ma,0.9,Hln1974a,,,141.70000,1.33000,140.44383,1.283076,1.25617,0.046924,0.007199,-0.054500,0.054973,54.973,0.1
16289+1825,STF2052AB,historical,1973.46100,Ma,0.7,Wor1978,,,140.20000,1.20000,140.42827,1.283547,-0.22827,-0.083547,-0.049544,0.067453,0.083693,83.693,0.1
16289+1825,STF2052AB,historical,1973.47000,Mb,0.6,Dur1977,,,141.60000,1.00000,140.41953,1.283812,1.18047,-0.283812,-0.196848,0.205780,0.284770,284.770,0.1
16289+1825,STF2052AB,historical,1973.56200,Ma,0.7,Beh1977,,,141.40000,1.28000,140.33035,1.286520,1.06965,-0.006520,-0.022697,-0.010063,0.024828,24.828,0.1
16289+1825,STF2052AB,historical,1973.59000,Ma,0.9,Wak1985,,,139.70000,1.32000,140.30328,1.287344,-0.60328,0.032656,0.031505,-0.016193,0.035423,35.423,0.1
16289+1825,STF2052AB,historical,1974.22000,Ma,0.7,Zul1976,,,140.60000,1.17000,139.70328,1.305886,0.89672,-0.135886,-0.101942,0.091908,0.137256,137.256,0.1
16289+1825,STF2052AB,historical,1974.56600,Mb,1,Wak1985,,,138.30000,1.36000,139.38095,1.316066,-1.08095,0.043934,0.047919,-0.016461,0.050668,50.668,0.1
16289+1825,STF2052AB,historical,1974.66300,Ma,0.9,Hln1975a,,,140.30000,1.33000,139.29148,1.318920,1.00852,0.011080,-0.010653,-0.023511,0.025812,25.812,0.1
16289+1825,STF2052AB,historical,1975.36700,Ma,0.7,Wor1978,,,139.30000,1.29000,138.65354,1.339623,0.64646,-0.049623,-0.043762,0.027700,0.051792,51.792,0.1
16289+1825,STF2052AB,historical,1975.58000,Ma,0.7,Beh2014a,,,139.00000,1.28000,138.46440,1.345884,0.53560,-0.065884,-0.052680,0.041425,0.067016,67.016,0.1
16289+1825,STF2052AB,historical,1976.45000,Ma,0.7,Zul1977c,q,,138.10000,1.19000,137.70975,1.371432,0.39025,-0.181432,-0.128097,0.128780,0.181640,181.640,0.1
16289+1825,STF2052AB,historical,1976.79000,Po,0.6,Hei1992a,,,137.30000,1.23000,137.42242,1.381405,-0.12242,-0.151405,-0.100505,0.113269,0.151430,151.430,1.0
16289+1825,STF2052AB,historical,1977.59800,Ma,0.7,Wor1989,,,138.90000,1.31000,136.75592,1.405073,2.14408,-0.095073,-0.101465,0.036346,0.107778,107.778,0.1
16289+1825,STF2052AB,historical,1978.02000,Ma,0.7,Zul1979b,,,137.20000,1.22000,136.41667,1.417415,0.78333,-0.197415,-0.148260,0.131586,0.198232,198.232,0.1
16289+1825,STF2052AB,historical,1978.15300,Ma,0.9,Wak1985,,,137.30000,1.35000,136.31097,1.421301,0.98903,-0.071301,-0.066240,0.035607,0.075204,75.204,0.1
16289+1825,STF2052AB,historical,1979.42000,Ma,0.7,Zul1980a,,,135.60000,1.26000,135.33224,1.458243,0.26776,-0.198243,-0.143561,0.136860,0.198344,198.344,0.1
16289+1825,STF2052AB,historical,1979.59100,Ma,0.9,Wak1985,,,135.30000,1.41000,135.20393,1.463216,0.09607,-0.053216,-0.039175,0.036099,0.053271,53.271,0.1
16289+1825,STF2052AB,historical,1979.77900,Ma,0.7,Wor1989,,,135.40000,1.44000,135.06387,1.468681,0.33613,-0.028681,-0.026255,0.014353,0.029923,29.923,0.1
16289+1825,STF2052AB,historical,1979.99900,Ma,0.1,Cll2003,,,136.00000,1.40000,134.90128,1.475070,1.09872,-0.075070,-0.072306,0.034157,0.079968,79.968,0.1
16289+1825,STF2052AB,historical,1980.64400,Ma,0.7,Zul1982b,,,134.50000,1.23000,134.43261,1.493770,0.06739,-0.263770,-0.189365,0.183625,0.263775,263.775,0.1
16289+1825,STF2052AB,historical,1981.41400,Ma,0.7,Pop1983c,,,135.30000,1.48000,133.88822,1.516027,1.41178,-0.036027,-0.051567,-0.000992,0.051577,51.577,0.1
16289+1825,STF2052AB,historical,1981.45000,Ma,0.6,Hei1983a,,,133.50000,1.56000,133.86316,1.517066,-0.36316,0.042934,0.037784,-0.022600,0.044027,44.027,0.1
16289+1825,STF2052AB,historical,1981.45500,Ma,0.7,Zul1983a,,,134.80000,1.35000,133.85968,1.517210,0.94032,-0.167210,-0.136047,0.100011,0.168852,168.852,0.1
16289+1825,STF2052AB,historical,1982.45800,Ma,0.7,Zul1984a,,,134.00000,1.48000,133.17510,1.546080,0.82490,-0.066080,-0.062881,0.029780,0.069576,69.576,0.1
16289+1825,STF2052AB,historical,1982.49800,Ma,0.3,Mss1985,,,134.80000,1.64000,133.14833,1.547228,1.65167,0.092772,0.034860,-0.097467,0.103514,103.514,0.1
16289+1825,STF2052AB,historical,1982.52360,Sc,1.8,McA1997,,,134.60000,1.52700,133.13122,1.547963,1.46878,-0.020963,-0.042424,-0.013889,0.044640,44.640,6.0
16289+1825,STF2052AB,historical,1983.43000,Sc,3.8,McA1987b,,,132.50000,1.57500,132.53559,1.573920,-0.03559,0.001080,0.001457,-0.000009,0.001457,1.457,6.0
16289+1825,STF2052AB,historical,1983.43200,Ma,0.7,Zul1984a,,,133.80000,1.51000,132.53429,1.573977,1.26571,-0.063977,-0.069963,0.018922,0.072477,72.477,0.1
16289+1825,STF2052AB,historical,1983.46800,Ma,0.2,Sca1984b,,,132.00000,1.41000,132.51104,1.575006,-0.51104,-0.165006,-0.113177,0.120808,0.165540,165.540,0.1
16289+1825,STF2052AB,historical,1983.49000,Ma,0.5,LBu1986a,,,133.10000,1.53000,132.49685,1.575634,0.60315,-0.045634,-0.044590,0.019010,0.048473,48.473,0.1
16289+1825,STF2052AB,historical,1983.63220,Sc,1.8,McA1997,,,132.50000,1.58000,132.40538,1.579694,0.09462,0.000306,-0.001535,-0.002132,0.002627,2.627,6.0
16289+1825,STF2052AB,historical,1983.63500,Sc,1.8,McA1997,,,132.40000,1.58900,132.40358,1.579774,-0.00358,0.009226,0.006880,-0.006148,0.009227,9.227,6.0
16289+1825,STF2052AB,historical,1983.81200,Ma,0.7,Wor1989,,,132.40000,1.50000,132.29039,1.584823,0.10961,-0.084823,-0.064680,0.054955,0.084874,84.874,0.1
16289+1825,STF2052AB,historical,1984.35570,Sc,1.8,McA1996a,,,131.70000,1.60500,131.94717,1.600301,-0.24717,0.004699,0.008112,0.002018,0.008360,8.360,6.0
16289+1825,STF2052AB,historical,1984.37210,Sc,3.8,McA1987b,,,131.80000,1.60100,131.93692,1.600767,-0.13692,0.000233,0.002727,0.002693,0.003833,3.833,6.0
16289+1825,STF2052AB,historical,1984.41900,Ma,0.7,Zul1986b,,,132.40000,1.40000,131.90764,1.602100,0.49236,-0.202100,-0.158481,0.126070,0.202509,202.509,0.1
16289+1825,STF2052AB,historical,1984.44580,Sc,1.8,McA1996a,,,131.90000,1.60600,131.89093,1.602861,0.00907,0.003139,0.002167,-0.002285,0.003149,3.149,6.0
16289+1825,STF2052AB,historical,1984.44860,Sc,1.8,McA1996a,,,131.80000,1.61200,131.88918,1.602941,-0.08918,0.009059,0.008418,-0.004180,0.009399,9.399,6.0
16289+1825,STF2052AB,historical,1984.57300,Ma,0.2,Sca1987,,,131.20000,1.48000,131.81184,1.606473,-0.61184,-0.126473,-0.083792,0.096154,0.127541,127.541,0.1
16289+1825,STF2052AB,historical,1984.66000,Ma,0.1,Gel1989,,,132.40000,1.97000,131.75795,1.608943,0.64205,0.361057,0.254542,-0.256844,0.361608,361.608,0.1
16289+1825,STF2052AB,historical,1985.25390,Sc,1.8,McA1996a,:,:,131.50000,1.62600,131.39443,1.625765,0.10557,0.000235,-0.001807,-0.002401,0.003005,3.005,6.0
16289+1825,STF2052AB,historical,1985.41780,Sc,1.8,McA1996a,,,132.00000,1.65200,131.29543,1.630397,0.70457,0.021603,0.002730,-0.029436,0.029563,29.563,6.0
16289+1825,STF2052AB,historical,1985.42040,Sc,1.8,McA1996a,,,131.80000,1.64500,131.29387,1.630471,0.50613,0.014529,0.001279,-0.020464,0.020504,20.504,6.0
16289+1825,STF2052AB,historical,1985.48340,Sc,3.8,McA1987b,,,131.10000,1.63700,131.25597,1.632250,-0.15597,0.004750,0.006505,0.000222,0.006509,6.509,6.0
16289+1825,STF2052AB,historical,1985.82500,Ma,0.7,Zul1988b,,,132.10000,1.49000,131.05189,1.641886,1.04811,-0.151886,-0.132627,0.079360,0.154557,154.557,0.1
16289+1825,STF2052AB,historical,1986.14200,Ma,0.7,Pop1988,,,131.50000,1.60000,130.86464,1.650809,0.63536,-0.050809,-0.050107,0.019890,0.053911,53.911,0.1
16289+1825,STF2052AB,historical,1986.23130,Sc,1.8,McA1997,,,130.70000,1.66000,130.81225,1.653320,-0.11225,0.006680,0.007179,-0.001903,0.007427,7.427,6.0
16289+1825,STF2052AB,historical,1986.40340,Sc,3.8,McA1989,,,130.80000,1.66100,130.71174,1.658154,0.08826,0.002846,0.000487,-0.003794,0.003826,3.826,6.0
16289+1825,STF2052AB,historical,1986.45530,Sc,1.8,McA1997,,,130.40000,1.67300,130.68155,1.659611,-0.28155,0.013389,0.015497,-0.002480,0.015694,15.694,6.0
16289+1825,STF2052AB,historical,1986.46070,Sc,1.8,McA1997,,,130.60000,1.66900,130.67841,1.659762,-0.07841,0.009238,0.008493,-0.004288,0.009514,9.514,6.0
16289+1825,STF2052AB,historical,1986.48000,Sc,1.8,McA1997,:,:,129.90000,1.66700,130.66720,1.660304,-0.76720,0.006696,0.019511,0.012664,0.023261,23.261,6.0
16289+1825,STF2052AB,historical,1986.49620,Sc,1.8,McA1997,:,:,130.20000,1.66800,130.65779,1.660759,-0.45779,0.007241,0.014136,0.005427,0.015142,15.142,6.0
16289+1825,STF2052AB,historical,1986.52900,Sc,1.8,McA1997,,,130.40000,1.66700,130.63876,1.661679,-0.23876,0.005321,0.008551,0.001815,0.008742,8.742,6.0
16289+1825,STF2052AB,historical,1986.57000,Ma,0.1,Gel1989,,,130.80000,1.95000,130.61500,1.662829,0.18500,0.287171,0.213886,-0.191713,0.287230,287.230,0.1
16289+1825,STF2052AB,historical,1986.58000,Ma,0.2,Omo1989,,,131.30000,1.55000,130.60921,1.663109,0.69079,-0.113109,-0.098118,0.059509,0.114754,114.754,0.1
16289+1825,STF2052AB,historical,1987.12950,Sc,1.8,McA1997,,,130.40000,1.66800,130.29405,1.678492,0.10595,-0.010492,-0.009999,0.004434,0.010939,10.939,6.0
16289+1825,STF2052AB,historical,1987.19790,Sc,1.8,McA1997,,,130.70000,1.67600,130.25523,1.680403,0.44477,-0.004403,-0.011806,-0.007051,0.013751,13.751,6.0
16289+1825,STF2052AB,historical,1987.27180,Sc,3.8,McA1989,,,130.00000,1.68900,130.21338,1.682466,-0.21338,0.006534,0.009042,0.000593,0.009061,9.061,6.0
16289+1825,STF2052AB,historical,1987.28260,Sc,1.8,McA1997,,,130.20000,1.67900,130.20727,1.682768,-0.00727,-0.003768,-0.002740,0.002595,0.003774,3.774,6.0
16289+1825,STF2052AB,historical,1987.56400,Ma,0.7,Wor1989,,,130.20000,1.65000,130.04890,1.690616,0.15110,-0.040616,-0.033895,0.022807,0.040854,40.854,0.1
16289+1825,STF2052AB,historical,1987.95500,Ma,0.7,Zul1989a,,,130.30000,1.51000,129.83128,1.701496,0.46872,-0.191496,-0.155007,0.113205,0.191944,191.944,0.1
16289+1825,STF2052AB,historical,1988.46800,Ma,0.7,Wor1998,,,129.70000,1.73000,129.54993,1.715726,0.15007,0.014274,0.008116,-0.012579,0.014970,14.970,0.1
16289+1825,STF2052AB,historical,1988.57000,Ma,0.5,LBu1989,,,129.20000,1.73000,129.49454,1.718549,-0.29454,0.011451,0.014475,-0.000405,0.014481,14.481,0.1
16289+1825,STF2052AB,historical,1988.59000,Mb,0.1,Gel1992,,,127.60000,1.99000,129.48371,1.719103,-1.88371,0.270897,0.249844,-0.121082,0.277638,277.638,0.1
16289+1825,STF2052AB,historical,1989.55100,Ma,0.7,Zul1991a,,,129.40000,1.57000,128.97099,1.745599,0.42901,-0.175599,-0.143950,0.101327,0.176036,176.036,0.1
16289+1825,STF2052AB,historical,1990.65000,Ma,0.2,Ary1992,,,128.90000,1.74000,128.40333,1.775672,0.49667,-0.035672,-0.037376,0.010380,0.038790,38.790,0.1
16289+1825,STF2052AB,historical,1991.25000,Hh,,HIP1997a,,,128.10000,1.78900,128.10143,1.791985,-0.00143,-0.002985,-0.002322,0.001877,0.002986,2.986,7.0
16289+1825,STF2052AB,historical,1991.38700,Su,0.7,WSI1997,,:,128.90000,1.79000,128.03327,1.795700,0.86673,-0.005700,-0.021333,-0.017689,0.027713,27.713,6.0
16289+1825,STF2052AB,historical,1991.46700,Su,0.7,WSI1997,,:,129.30000,1.77000,127.99359,1.797867,1.30641,-0.027867,-0.047165,-0.014365,0.049304,49.304,6.0
16289+1825,STF2052AB,historical,1991.49500,Ma,0.5,Thr1996,,,128.20000,1.66000,127.97973,1.798625,0.22027,-0.138625,-0.113205,0.080285,0.138784,138.784,0.1
16289+1825,STF2052AB,historical,1991.52000,Ma,0.5,LBu1992,,,130.40000,1.78000,127.96736,1.799302,2.43264,-0.019302,-0.062962,-0.046701,0.078391,78.391,0.1
16289+1825,STF2052AB,historical,1991.53600,Su,0.7,WSI1997,,:,129.40000,1.80000,127.95945,1.799735,1.44055,0.000265,-0.028074,-0.035492,0.045252,45.252,6.0
16289+1825,STF2052AB,historical,1991.60000,Mb,0.3,Kzn1994,,,128.40000,1.76000,127.92785,1.801466,0.47215,-0.041466,-0.041670,0.014085,0.043986,43.986,0.1
16289+1825,STF2052AB,historical,1991.69000,Ht,,TYC2000a,,,128.30000,1.79300,127.88351,1.803900,0.41649,-0.010900,-0.016644,-0.003564,0.017021,17.021,7.0
16289+1825,STF2052AB,historical,1992.56700,Su,0.7,WSI1997,,:,128.00000,1.75000,127.45759,1.827524,0.54241,-0.077524,-0.071677,0.034045,0.079352,79.352,6.0
16289+1825,STF2052AB,historical,1993.52700,Su,0.7,WSI1999a,,:,127.50000,1.81000,127.00376,1.853192,0.49624,-0.043192,-0.043982,0.013518,0.046013,46.013,6.0
16289+1825,STF2052AB,historical,1993.66000,Ma,0.2,Ary1994,,,128.20000,2.12000,126.94188,1.856732,1.25812,0.263268,0.182032,-0.195121,0.266848,266.848,0.1
16289+1825,STF2052AB,historical,1994.42000,Su,0.7,WSI1999a,,:,126.80000,1.86000,126.59272,1.876884,0.20728,-0.016884,-0.017577,0.004669,0.018186,18.186,6.0
16289+1825,STF2052AB,historical,1994.49500,Ma,0.7,Pal1994,,,128.50000,2.07000,126.55866,1.878865,1.94134,0.191135,0.110805,-0.169468,0.202478,202.478,0.1
16289+1825,STF2052AB,historical,1994.49500,Ma,0.7,Pop1994,,,125.00000,1.80000,126.55866,1.878865,-1.55866,-0.078865,-0.034720,0.086700,0.093394,93.394,0.1
16289+1825,STF2052AB,historical,1994.50900,Su,0.7,WSI1999a,,:,126.70000,1.88000,126.55232,1.879235,0.14768,0.000765,-0.002276,-0.004345,0.004905,4.905,6.0
16289+1825,STF2052AB,historical,1994.57300,Ma,0.4,Doc1998f,,,126.80000,1.74000,126.52333,1.880925,0.27667,-0.140925,-0.118266,0.077131,0.141195,141.195,0.1
16289+1825,STF2052AB,historical,1995.43810,Sc,2.5,Hrt1997,,,126.30000,1.88000,126.13651,1.903673,0.16349,-0.023673,-0.022288,0.009632,0.024280,24.280,6.0
16289+1825,STF2052AB,historical,1995.51000,Ma,0.4,Doc1998f,,,126.90000,1.80000,126.10478,1.905555,0.79522,-0.105555,-0.100143,0.042118,0.108640,108.640,0.1
16289+1825,STF2052AB,historical,1995.54500,Su,0.7,WSI1999b,,:,126.40000,1.89000,126.08935,1.906471,0.31065,-0.016471,-0.019369,0.001438,0.019422,19.422,6.0
16289+1825,STF2052AB,historical,1995.57000,Mb,0.3,Kzn1998,,,126.30000,2.14000,126.07834,1.907126,0.22166,0.232874,0.183324,-0.143819,0.233005,233.005,0.1
16289+1825,STF2052AB,historical,1995.61400,Su,0.7,WSI1999b,,:,126.60000,1.88000,126.05899,1.908277,0.54101,-0.028277,-0.033376,0.002343,0.033458,33.458,6.0
16289+1825,STF2052AB,historical,1995.62100,Su,0.7,WSI1999a,,,126.70000,1.91000,126.05591,1.908460,0.64409,0.001540,-0.011490,-0.018193,0.021518,21.518,6.0
16289+1825,STF2052AB,historical,1996.47000,Su,0.7,WSI1999b,,:,126.00000,1.91000,125.68698,1.930579,0.31302,-0.020579,-0.022825,0.003547,0.023099,23.099,6.0
16289+1825,STF2052AB,historical,1996.55400,Su,0.7,WSI1999b,,:,126.30000,1.92000,125.65094,1.932758,0.64906,-0.012758,-0.023144,-0.010165,0.025278,25.278,6.0
16289+1825,STF2052AB,historical,1997.46510,Sc,2.5,Msn2026,,,125.60000,1.97500,125.26515,1.956288,0.33485,0.018712,0.008587,-0.020208,0.021957,21.957,6.0
16289+1825,STF2052AB,historical,1997.49000,Mb,0.3,Alz1998b,q,,124.50000,1.83000,125.25473,1.956928,-0.75473,-0.126928,-0.089865,0.093040,0.129353,129.353,0.1
16289+1825,STF2052AB,historical,1997.50000,Mc,0.3,Alz1998b,q,,126.40000,1.91000,125.25055,1.957185,1.14945,-0.047185,-0.060961,-0.003835,0.061081,61.081,0.1
16289+1825,STF2052AB,historical,1997.52000,Mb,0.2,Ctt1998,,,126.10000,1.92000,125.24220,1.957699,0.85780,-0.037699,-0.047552,-0.001598,0.047579,47.579,0.1
16289+1825,STF2052AB,historical,1997.52100,Su,0.7,WSI1999c,,:,125.50000,1.91000,125.24178,1.957725,0.25822,-0.047725,-0.043961,0.020520,0.048514,48.514,6.0
16289+1825,STF2052AB,historical,1997.59000,Su,0.7,WSI1999c,,:,125.30000,1.94000,125.21298,1.959498,0.08702,-0.019498,-0.017631,0.008837,0.019722,19.722,6.0
16289+1825,STF2052AB,historical,1997.61450,S,3.5,Hor1999,,,125.80000,1.92100,125.20277,1.960127,0.59723,-0.039127,-0.043600,0.006254,0.044046,44.046,7.0
16289+1825,STF2052AB,historical,1997.61450,S,3.5,Hor1999,,,125.60000,1.91100,125.20277,1.960127,0.39723,-0.049127,-0.047818,0.017521,0.050927,50.927,7.0
16289+1825,STF2052AB,historical,1997.66300,C,1,ADP1998,,,125.69000,1.96000,125.18257,1.961372,0.50743,-0.001372,-0.011186,-0.013352,0.017419,17.419,1.0
16289+1825,STF2052AB,historical,1998.38500,C,0.5,Mor2000,,,124.70000,2.00000,124.88489,1.979842,-0.18489,0.020158,0.020218,-0.006229,0.021156,21.156,1.0
16289+1825,STF2052AB,historical,1998.47200,Su,0.7,WSI2000a,,:,125.10000,1.92000,124.84939,1.982059,0.25061,-0.062059,-0.055743,0.028581,0.062643,62.643,6.0
16289+1825,STF2052AB,historical,1998.48000,C,1.2,Sin1999,,,125.11000,1.98800,124.84613,1.982263,0.26387,0.005737,-0.000540,-0.010780,0.010793,10.793,1.0
16289+1825,STF2052AB,historical,1998.48900,C,0.7,Gii2001,,,125.50000,1.99000,124.84247,1.982492,0.65753,0.007508,-0.006993,-0.022957,0.023999,23.999,1.0
16289+1825,STF2052AB,historical,1998.54300,Su,0.7,WSI2000a,,:,125.30000,1.94000,124.82048,1.983867,0.47952,-0.043867,-0.045339,0.011758,0.046839,46.839,6.0
16289+1825,STF2052AB,historical,1999.33280,Su,0.7,WSI2000b,,,124.60000,1.98000,124.50241,2.003895,0.09759,-0.023895,-0.021604,0.010757,0.024134,24.134,6.0
16289+1825,STF2052AB,historical,1999.42000,Mb,0.3,Alz2003b,,,124.80000,1.96000,124.46768,2.006096,0.33232,-0.046096,-0.044465,0.016734,0.047509,47.509,0.1
16289+1825,STF2052AB,historical,1999.50300,Ma,0.5,Lin2000a,,,125.30000,2.04000,124.43469,2.008190,0.86531,0.031810,0.008623,-0.043265,0.044116,44.116,0.1
16289+1825,STF2052AB,historical,1999.50300,Ma,0.5,Pri2000a,,,126.60000,1.87000,124.43469,2.008190,2.16531,-0.138190,-0.155029,0.020624,0.156395,156.395,0.1
16289+1825,STF2052AB,historical,1999.66400,C,1.3,Lmp2001a,,,123.94300,1.97060,124.37090,2.012247,-0.42790,-0.041647,-0.026113,0.035690,0.044223,44.223,1.0
16289+1825,STF2052AB,historical,1999.66400,C,1.3,Lmp2001a,,,124.06200,1.98650,124.37090,2.012247,-0.30890,-0.025747,-0.015229,0.023392,0.027913,27.913,1.0
16289+1825,STF2052AB,historical,1999.66400,C,1.3,Lmp2001a,,,124.24300,1.98780,124.37090,2.012247,-0.12790,-0.024447,-0.017678,0.017467,0.024852,24.852,1.0
16289+1825,STF2052AB,historical,1999.66400,C,1.3,Lmp2001a,,,124.62700,1.98320,124.37090,2.012247,0.25610,-0.029047,-0.028996,0.009093,0.030389,30.389,1.0
16289+1825,STF2052AB,historical,1999.67000,Ma,0.2,Ary2000,,,125.00000,2.07000,124.36853,2.012398,0.63147,0.057602,0.034564,-0.051277,0.061838,61.838,0.1
16289+1825,STF2052AB,historical,2000.37050,Su,0.7,WSI2001b,,:,124.10000,2.02000,124.09399,2.029973,0.00601,-0.009973,-0.008378,0.005415,0.009976,9.976,6.0
16289+1825,STF2052AB,historical,2000.52000,S,1.5,Doc2004b,,,124.20000,1.96600,124.03601,2.033708,0.16399,-0.067708,-0.059265,0.033239,0.067950,67.950,7.0
16289+1825,STF2052AB,historical,2001.32630,Su,0.7,WSI2002,,:,124.10000,2.06000,123.72694,2.053755,0.37306,0.006245,-0.002290,-0.014599,0.014777,14.777,6.0
16289+1825,STF2052AB,historical,2001.34900,C,0.5,Mor2002,,,123.60000,2.08000,123.71832,2.054317,-0.11832,0.025683,0.023743,-0.010682,0.026036,26.036,1.0
16289+1825,STF2052AB,historical,2002.38600,Su,0.7,WSI2004a,,:,122.90000,2.07000,123.32975,2.079850,-0.42975,-0.009850,0.000253,0.018416,0.018418,18.418,6.0
16289+1825,STF2052AB,historical,2002.38800,C,0.2,Los2005,,,124.82000,2.10000,123.32901,2.079899,1.49099,0.020101,-0.013821,-0.056309,0.057980,57.980,1.0
16289+1825,STF2052AB,historical,2002.48000,Mb,0.2,Ctt2003,,,124.00000,1.98000,123.29499,2.082150,0.70501,-0.102150,-0.098882,0.035794,0.105161,105.161,0.1
16289+1825,STF2052AB,historical,2002.53900,Ma,0.1,Bvd2003,,,124.50000,2.23000,123.27322,2.083593,1.22678,0.146407,0.095784,-0.119960,0.153509,153.509,0.1
16289+1825,STF2052AB,historical,2002.56400,C,0.2,Dal2003a,,,122.80000,2.00000,123.26400,2.084204,-0.46400,-0.084204,-0.061579,0.059765,0.085812,85.812,1.0
16289+1825,STF2052AB,historical,2003.34500,Su,0.7,WSI2004b,,:,122.70000,2.03000,122.97875,2.103215,-0.27875,-0.073215,-0.056062,0.048151,0.073902,73.902,6.0
16289+1825,STF2052AB,historical,2003.50000,Mb,0.3,Alz2005b,,,123.10000,2.07000,122.92275,2.106969,0.17725,-0.036969,-0.034521,0.014723,0.037529,37.529,0.1
16289+1825,STF2052AB,historical,2004.36800,C,0.5,Slm2005,,,122.70000,2.11000,122.61278,2.127876,0.08722,-0.017876,-0.016790,0.006930,0.018164,18.164,1.0
16289+1825,STF2052AB,historical,2004.38900,C,0.7,Izm2010,,,122.78000,2.13200,122.60536,2.128379,0.17464,0.003621,-0.000460,-0.007420,0.007434,7.434,1.0
16289+1825,STF2052AB,historical,2005.37000,C,0.7,Izm2010,,,122.46000,2.15100,122.26241,2.151762,0.19759,-0.000762,-0.004615,-0.005859,0.007458,7.458,1.0
16289+1825,STF2052AB,historical,2005.48000,Ma,0.2,Ary2006,,,122.90000,2.27000,122.22442,2.154368,0.67558,0.115632,0.083415,-0.084217,0.118535,118.535,0.1
16289+1825,STF2052AB,historical,2005.53500,S,1,Sca2008a,,,121.50000,2.14200,122.20546,2.155670,-0.70546,-0.013670,0.002351,0.029687,0.029780,29.780,7.0
16289+1825,STF2052AB,historical,2006.39400,Su,0.7,WSI2007a,,:,121.80000,2.19000,121.91225,2.175897,-0.11225,0.014103,0.014236,-0.003811,0.014737,14.737,6.0
16289+1825,STF2052AB,historical,2006.46300,C,0.7,Izm2010,,,122.18000,2.15500,121.88894,2.177513,0.29106,-0.022513,-0.024922,0.002613,0.025058,25.058,1.0
16289+1825,STF2052AB,historical,2006.51600,C,0.1,Vlm2008b,,,129.27000,1.91000,121.87105,2.178753,7.39895,-0.268753,-0.371613,-0.058581,0.376202,376.202,1.0
16289+1825,STF2052AB,historical,2007.44000,Cu,0.7,WSI2008,,:,121.30000,2.18000,121.56245,2.200258,-0.26245,-0.020258,-0.012054,0.019124,0.022606,22.606,1.0
16289+1825,STF2052AB,historical,2007.54200,S,1,Sca2010c,,,121.30000,2.20900,121.52876,2.202617,-0.22876,0.006383,0.010037,0.004189,0.010876,10.876,7.0
16289+1825,STF2052AB,historical,2008.33700,C,0.7,Izm2015,,,121.35400,2.21710,121.26856,2.220912,0.08544,-0.003812,-0.004976,-0.000846,0.005047,5.047,1.0
16289+1825,STF2052AB,historical,2008.36000,Cu,0.7,WSI2010,,:,120.20000,2.11000,121.26110,2.221438,-1.06110,-0.111438,-0.075291,0.091418,0.118432,118.432,1.0
16289+1825,STF2052AB,historical,2008.42000,Cl,0.7,Gii2012,,,121.00000,2.22300,121.24164,2.222811,-0.24164,0.000189,0.005007,0.007928,0.009377,9.377,7.0
16289+1825,STF2052AB,historical,2008.42000,S,0.7,Gii2012,,,121.20000,2.22200,121.24164,2.222811,-0.04164,-0.000811,0.000143,0.001802,0.001808,1.808,7.0
16289+1825,STF2052AB,historical,2008.46900,Ma,0.5,Thr2009,,,121.30000,2.17000,121.22577,2.223932,0.07423,-0.053932,-0.047578,0.025556,0.054007,54.007,0.1
16289+1825,STF2052AB,historical,2008.46900,Cl,0.7,Gii2012,,,120.90000,2.20900,121.22577,2.223932,-0.32577,-0.014932,-0.006288,0.018500,0.019539,19.539,7.0
16289+1825,STF2052AB,historical,2008.46900,S,0.7,Gii2012,,,120.90000,2.21000,121.22577,2.223932,-0.32577,-0.013932,-0.005430,0.017986,0.018788,18.788,7.0
16289+1825,STF2052AB,historical,2008.47200,Ma,0.5,Thr2009,,,121.80000,2.15000,121.22480,2.224001,0.57520,-0.074001,-0.074563,0.019961,0.077188,77.188,0.1
16289+1825,STF2052AB,historical,2008.47400,Ma,0.5,Thr2009,,,121.30000,2.20000,121.22416,2.224047,0.07584,-0.024047,-0.022075,0.009976,0.024224,24.224,0.1
16289+1825,STF2052AB,historical,2008.53800,S,1,Pru2010,,,120.50000,2.21500,121.20345,2.225509,-0.70345,-0.010509,0.004957,0.028791,0.029215,29.215,7.0
16289+1825,STF2052AB,historical,2009.26160,S,4.1,Tok2010,,,120.50000,2.26440,120.97126,2.241969,-0.47126,0.022431,0.028751,0.004466,0.029096,29.096,7.0
16289+1825,STF2052AB,historical,2009.30600,C,0.7,Izm2015,,,121.01500,2.23830,120.95713,2.242975,0.05787,-0.004675,-0.005173,0.000466,0.005194,5.194,1.0
16289+1825,STF2052AB,historical,2009.52000,Su,0.7,WSI2011,,:,121.10000,2.26000,120.88917,2.247812,0.21083,0.012188,0.006177,-0.013386,0.014742,14.742,6.0
16289+1825,STF2052AB,historical,2009.54000,S,1,Sca2011a,,,120.20000,2.23600,120.88283,2.248264,-0.68283,-0.012264,0.003017,0.029245,0.029401,29.401,7.0
16289+1825,STF2052AB,historical,2009.57500,Ma,0.2,Ary2010b,,,122.50000,2.35000,120.87175,2.249053,1.62825,0.100947,0.051567,-0.108624,0.120243,120.243,0.1
16289+1825,STF2052AB,historical,2010.29300,C,0.7,Izm2015,,,120.68000,2.25780,120.64611,2.265180,0.03389,-0.007380,-0.007030,0.002613,0.007500,7.500,1.0
16289+1825,STF2052AB,historical,2010.29500,Cl,1.5,FMR2022,,,120.87000,2.22500,120.64548,2.265225,0.22452,-0.040225,-0.039066,0.013011,0.041175,41.175,7.0
16289+1825,STF2052AB,historical,2010.45900,C,0.3,Ant2011b,,,120.10000,2.25000,120.59439,2.268888,-0.49439,-0.018888,-0.006449,0.026368,0.027145,27.145,1.0
16289+1825,STF2052AB,historical,2010.47600,S,0.4,Los2010,,,120.10000,2.25900,120.58911,2.269267,-0.48911,-0.010267,0.000904,0.021867,0.021885,21.885,7.0
16289+1825,STF2052AB,historical,2010.49800,Cu,0.7,WSI2011b,,:,120.70000,2.28000,120.58227,2.269758,0.11773,0.010242,0.006430,-0.009242,0.011259,11.259,1.0
16289+1825,STF2052AB,historical,2010.53600,S,1,Pru2012,,,120.30000,2.25100,120.57046,2.270605,-0.27046,-0.019605,-0.011497,0.019133,0.022321,22.321,7.0
16289+1825,STF2052AB,historical,2011.24800,C,0.7,Izm2015,,,120.38800,2.28180,120.35089,2.286406,0.03711,-0.004606,-0.004722,0.001052,0.004838,4.838,1.0
16289+1825,STF2052AB,historical,2011.25060,Cl,1.5,FMR2022,,,119.98000,2.26100,120.35009,2.286463,-0.37009,-0.025463,-0.014635,0.025493,0.029395,29.395,7.0
16289+1825,STF2052AB,historical,2011.50300,S,1,Sca2013c,,,119.00000,2.26900,120.27298,2.292030,-1.27298,-0.023030,0.005039,0.055426,0.055655,55.655,7.0
16289+1825,STF2052AB,historical,2011.63020,Cl,1.5,FMR2022,,,120.28000,2.26800,120.23426,2.294829,0.04574,-0.026829,-0.024092,0.011945,0.026890,26.890,7.0
16289+1825,STF2052AB,historical,2012.44800,C,0.7,Izm2015,,,120.33200,2.31420,119.98756,2.312712,0.34444,0.001488,-0.005701,-0.012773,0.013987,13.987,1.0
16289+1825,STF2052AB,historical,2012.45800,S,1,Pru2014,,,119.30000,2.28200,119.98456,2.312930,-0.68456,-0.030930,-0.013305,0.039154,0.041353,41.353,7.0
16289+1825,STF2052AB,historical,2012.46202,Ag,1.5,RAO2022,,,119.80000,2.29000,119.98336,2.313017,-0.18336,-0.023017,-0.016284,0.017856,0.024167,24.167,1.0
16289+1825,STF2052AB,historical,2012.51600,S,0.2,Wly2013,,,120.30000,2.24000,119.96721,2.314191,0.33279,-0.074191,-0.070804,0.025806,0.075360,75.360,7.0
16289+1825,STF2052AB,historical,2013.23190,Cl,1.5,FMR2022,,,119.94000,2.32300,119.75462,2.329675,0.18538,-0.006675,-0.009536,-0.003206,0.010061,10.061,7.0
16289+1825,STF2052AB,historical,2013.29620,Ag,1.5,RAO2015,,,119.30000,2.35100,119.73566,2.331059,-0.43566,0.019941,0.026123,0.005665,0.026730,26.730,1.0
16289+1825,STF2052AB,historical,2013.36100,C,0.7,Izm2015,,,119.75100,2.33270,119.71658,2.332452,0.03442,0.000248,-0.000480,-0.001340,0.001423,1.423,1.0
16289+1825,STF2052AB,historical,2013.58100,Ma,0.2,Ary2014,,,121.70000,2.32000,119.65196,2.337173,2.04804,-0.017173,-0.057231,-0.062824,0.084984,84.984,0.1
16289+1825,STF2052AB,historical,2013.60100,Ag,1.5,RAO2015,,,118.90000,2.34700,119.64610,2.337602,-0.74610,0.009398,0.023112,0.022011,0.031916,31.916,1.0
16289+1825,STF2052AB,historical,2013.67000,S,1,Sca2015b,,,119.20000,2.30700,119.62590,2.339079,-0.42590,-0.032079,-0.019464,0.030796,0.036431,36.431,7.0
16289+1825,STF2052AB,historical,2014.20700,C,0.7,Izm2015,,,119.34700,2.35670,119.46952,2.350530,-0.12252,0.006170,0.007846,0.001355,0.007962,7.962,1.0
16289+1825,STF2052AB,historical,2014.50900,S,1,Pru2017,,,118.70000,2.35000,119.38224,2.356933,-0.68224,-0.006933,0.007542,0.027866,0.028868,28.868,7.0
16289+1825,STF2052AB,historical,2014.50900,S,1,Pru2017,,,118.70000,2.35000,119.38224,2.356933,-0.68224,-0.006933,0.007542,0.027866,0.028868,28.868,7.0
16289+1825,STF2052AB,historical,2014.61400,Ma,0.2,Ary2015,,,120.90000,2.32000,119.35201,2.359154,1.54799,-0.039154,-0.065586,-0.035020,0.074350,74.350,0.1
16289+1825,STF2052AB,historical,2015.00000,Hg,,Kpp2018m,,,120.61000,2.41000,119.24135,2.367288,1.36865,0.042712,0.008551,-0.070757,0.071271,71.271,10.0
16289+1825,STF2052AB,historical,2015.31100,C,0.7,Izm2020,,,119.21900,2.38080,119.15274,2.373810,0.06626,0.006990,0.004762,-0.005809,0.007511,7.511,1.0
16289+1825,STF2052AB,historical,2015.33650,St,4.1,Tok2016a,,,119.20000,2.40120,119.14550,2.374343,0.05450,0.026857,0.022343,-0.015074,0.026953,26.953,10.0
16289+1825,STF2052AB,historical,2015.50000,Hg,,ElB2018,,,119.09600,2.38528,119.09913,2.377760,-0.00313,0.007520,0.006635,-0.003543,0.007522,7.522,10.0
16289+1825,STF2052AB,historical,2015.51000,C,0.3,Smr2016,,,119.30000,2.39000,119.09630,2.377968,0.20370,0.012032,0.006368,-0.013268,0.014717,14.717,1.0
16289+1825,STF2052AB,historical,2015.54100,S,0.8,Pru2023,,,119.10000,2.36600,119.08753,2.378615,0.01247,-0.012615,-0.011274,0.005683,0.012626,12.626,7.0
16289+1825,STF2052AB,historical,2015.54100,S,0.8,Pru2023,,,119.30000,2.36800,119.08753,2.378615,0.21247,-0.010615,-0.013559,-0.002506,0.013789,13.789,7.0
16289+1825,STF2052AB,historical,2015.58100,C,0.2,Dal2016b,,,118.00000,2.31000,119.07621,2.379449,-1.07621,-0.069449,-0.039968,0.071868,0.082234,82.234,1.0
16289+1825,STF2052AB,historical,2015.67400,Ma,0.2,Ary2016,,,120.20000,2.39000,119.04993,2.381387,1.15007,0.008613,-0.016184,-0.045884,0.048654,48.654,0.1
16289+1825,STF2052AB,historical,2016.00000,Hg,,ElB2021,,,118.95000,2.39593,118.95816,2.388158,-0.00816,0.007772,0.006965,-0.003464,0.007779,7.779,10.0
16289+1825,STF2052AB,historical,2016.28700,C,0.7,Izm2020,,,118.97800,2.39970,118.87779,2.394094,0.10021,0.005606,0.002879,-0.006381,0.007000,7.000,1.0
16289+1825,STF2052AB,historical,2016.41500,S,1,Sca2019c,,E,118.90000,2.39100,118.84207,2.396734,0.05793,-0.005734,-0.006190,0.000649,0.006224,6.224,7.0
16289+1825,STF2052AB,historical,2016.45654,A,5.1,HLA2021,,,119.50000,2.39400,118.83050,2.397589,0.66950,-0.003589,-0.016777,-0.022696,0.028224,28.224,1.0
16289+1825,STF2052AB,historical,2016.54400,Su,0.7,WSI2017b,,,120.30000,2.42200,118.80616,2.399389,1.49384,0.022611,-0.011332,-0.065825,0.066794,66.794,6.0
16289+1825,STF2052AB,historical,2017.25900,Su,0.7,Msn2026,,,119.20000,2.38900,118.60852,2.414017,0.59148,-0.025017,-0.033883,-0.009611,0.035220,35.220,6.0
16289+1825,STF2052AB,historical,2017.33400,C,0.7,Izm2020,,,118.56600,2.41900,118.58793,2.415543,-0.02193,0.003457,0.003478,-0.000841,0.003579,3.579,1.0
16289+1825,STF2052AB,historical,2017.47000,Cl,0.2,Pnt2018,,,118.40000,2.34600,118.55065,2.418305,-0.15065,-0.072305,-0.060572,0.039980,0.072576,72.576,7.0
16289+1825,STF2052AB,historical,2017.57700,Su,0.7,Msn2026,,,118.80000,2.41900,118.52139,2.420475,0.27861,-0.001475,-0.006938,-0.009617,0.011859,11.859,6.0
16289+1825,STF2052AB,historical,2017.62900,Ma,0.4,Ary2018a,,,120.40000,2.37000,118.50718,2.421528,1.89282,-0.051528,-0.083778,-0.043580,0.094435,94.435,0.1
16289+1825,STF2052AB,historical,2018.14240,C,0.3,Ams2020,,,117.89000,2.43000,118.36760,2.431882,-0.47760,-0.001882,0.007894,0.018757,0.020351,20.351,1.0
16289+1825,STF2052AB,historical,2018.24200,C,0.7,Izm2020,,,118.39000,2.44670,118.34066,2.433881,0.04934,0.012819,0.010281,-0.007939,0.012990,12.990,1.0
16289+1825,STF2052AB,historical,2018.39850,St,4.1,Tok2019c,,,118.20000,2.46030,118.29842,2.437017,-0.09842,0.023283,0.022500,-0.007315,0.023659,23.659,10.0
16289+1825,STF2052AB,historical,2018.43300,Su,0.7,Msn2026,,,118.60000,2.43100,118.28912,2.437708,0.31088,-0.006708,-0.012189,-0.008419,0.014814,14.814,6.0
16289+1825,STF2052AB,historical,2018.50200,Su,0.7,Msn2026,,,118.60000,2.43100,118.27054,2.439087,0.32946,-0.008087,-0.013779,-0.008462,0.016170,16.170,6.0
16289+1825,STF2052AB,historical,2018.51800,Cl,0.2,Pnt2019,,,118.89000,2.47500,118.26623,2.439407,0.62377,0.035593,0.018460,-0.040518,0.044525,44.525,7.0
16289+1825,STF2052AB,historical,2018.53300,S,1,Sca2025c,,,119.30000,2.44400,118.26220,2.439707,1.03780,0.004293,-0.017532,-0.040832,0.044437,44.437,7.0
16289+1825,STF2052AB,historical,2018.59400,C,0.3,Smr2019,,,118.30000,2.45000,118.24580,2.440925,0.05420,0.009075,0.006897,-0.006336,0.009366,9.366,1.0
16289+1825,STF2052AB,historical,2019.32100,C,0.7,Izm2020,,,118.06600,2.45990,118.05159,2.455353,0.01441,0.004547,0.003721,-0.002684,0.004588,4.588,1.0
16289+1825,STF2052AB,historical,2020.48500,Cl,0.3,Pnt2021,,,117.68000,2.52600,117.74531,2.478124,-0.06531,0.047876,0.043710,-0.019739,0.047961,47.961,7.0
16289+1825,STF2052AB,historical,2020.57360,Se,0.7,WSI2026,,,117.43000,2.47840,117.72223,2.479841,-0.29223,-0.001441,0.004576,0.011875,0.012726,12.726,7.0
16289+1825,STF2052AB,historical,2021.56740,Se,0.7,WSI2026,,,117.16000,2.47070,117.46547,2.498930,-0.30547,-0.028230,-0.019004,0.024724,0.031184,31.184,7.0
16289+1825,STF2052AB,historical,2022.44400,St,4.1,Msn2023,,,117.40000,2.53160,117.24221,2.515517,0.15779,0.016083,0.011099,-0.013556,0.017520,17.520,10.0
16289+1825,STF2052AB,historical,2022.52000,Mb,0.3,Alz2023b,,,117.20000,2.48000,117.22299,2.516944,-0.02299,-0.036944,-0.032397,0.017785,0.036958,36.958,0.1
16289+1825,STF2052AB,historical,2025.44400,C,0.2,ScC2025,,,116.33000,2.53000,116.49952,2.570485,-0.16952,-0.040485,-0.032902,0.024768,0.041182,41.182,1.0
