source,observation_index,epoch,technique_code,theta_deg,rho_arcsec,aperture_m,reference,theta_flag,rho_flag,published_residual_mas,threshold_mas,status,reason
historical,1,1873.44,Ma,140.0,1.5,0.2,Bu_1873d,:,:,543.3806240491607,300.0,excluded,Published positional residual exceeds cutoff
historical,2,1875.33,Ma,123.8,1.15,0.2,D__1883,,,72.3459260619167,300.0,retained,
historical,3,1875.68,Ma,123.9,1.15,0.2,Sp_1888,,,72.31372549287073,300.0,retained,
historical,4,1880.44,Ma,127.8,1.1,0.5,Bu_1883,,,144.07004150933867,300.0,retained,
historical,5,1883.57,Ma,130.2,1.45,0.2,Eng1885b,,,261.6130453251265,300.0,retained,
historical,6,1888.776,Mb,127.8,1.17,0.3,Tar1890,,,69.17730447753782,300.0,retained,
historical,7,1891.48,Ma,129.2,1.1,0.3,Bu_1894,,,145.80036956336934,300.0,retained,
historical,8,1891.52,Ma,131.5,1.22,0.9,Bu_1894,,,83.04181216552801,300.0,retained,
historical,9,1896.6,Ma,132.3,1.34,0.7,L__1896a,,,101.20569449468304,300.0,retained,
historical,10,1896.77,Ma,136.7,1.55,0.7,Bow1896,,,337.19719369193757,300.0,excluded,Published positional residual exceeds cutoff
historical,11,1897.44,Ma,128.2,1.47,0.7,Bow1897,,,214.37857466286198,300.0,retained,
historical,12,1897.46,Ma,130.6,1.24,0.7,L__1897,,,23.631881422585174,300.0,retained,
historical,13,1898.47,Ma,127.9,1.29,0.7,L__1898a,,,61.95551133996971,300.0,retained,
historical,14,1898.591,Ma,131.9,1.13,0.5,Doo1901,,,136.85751985268823,300.0,retained,
historical,15,1898.62,Ma,127.3,1.29,0.7,Bow1898,,,75.22967003939196,300.0,retained,
historical,16,1899.44,Ma,131.4,1.27,0.7,L__1899a,,,14.612656772438493,300.0,retained,
historical,17,1903.73,Ma,134.2,1.2,0.4,VBs1904,,,88.96262315691199,300.0,retained,
historical,18,1904.74,Ma,133.1,1.35,0.7,L__1904,,,68.19651084926049,300.0,retained,
historical,19,1905.53,Ma,136.7,1.28,0.5,Doo1915b,,,83.41094664664493,300.0,retained,
historical,20,1906.43,Ma,130.6,1.35,0.2,Frm1907,,,87.92584475499365,300.0,retained,
historical,21,1906.74,Ma,129.2,1.44,0.3,Ino1909,,,181.34003698928356,300.0,retained,
historical,22,1908.59,Ma,135.4,1.28,0.2,Dob1927,,,33.38151780431817,300.0,retained,
historical,23,1908.73,Ma,135.8,1.41,0.7,L__1908,,,121.44996116092584,300.0,retained,
historical,24,1908.76,Ma,135.1,1.4,0.7,Bow1908,,,107.14831201289684,300.0,retained,
historical,25,1910.806,Ma,136.7,1.24,0.7,Bow1911,,,74.40425033204804,300.0,retained,
historical,26,1911.46,Ma,136.8,1.16,0.7,Bow1921,,,148.84541937220328,300.0,retained,
historical,27,1911.77,Ma,130.4,1.45,0.7,Chp1921,,,184.7753676171592,300.0,retained,
historical,28,1913.54,Ma,139.9,1.41,0.2,Dob1927,,,138.87233985209295,300.0,retained,
historical,29,1913.628,Ma,137.1,1.5,0.5,Fox1925,,,191.2237288631512,300.0,retained,
historical,30,1915.78,Ma,138.0,1.37,0.3,Lv_1930,,,61.543293318287475,300.0,retained,
historical,31,1919.71,Ma,139.1,1.32,0.3,Lv_1930,,,30.577249018072813,300.0,retained,
historical,32,1921.57,Ma,136.9,1.42,0.2,Dob1927,,,90.31564368834252,300.0,retained,
historical,33,1922.63,Ma,136.4,1.2,0.7,Fur1925,,,151.97405153869195,300.0,retained,
historical,34,1922.77,Ma,138.4,1.49,0.3,Lv_1930,,,148.06195922332026,300.0,retained,
historical,35,1923.16,Ma,139.5,1.3,0.7,Jck1925,,,45.150860636309886,300.0,retained,
historical,36,1923.55,Ma,138.1,1.59,0.7,Bal1924,,,246.3232428783147,300.0,retained,
historical,37,1923.56,Ma,137.6,1.41,0.7,Cul1925,,,74.81992620351731,300.0,retained,
historical,38,1923.81,Ma,137.4,1.42,0.3,Lv_1930,,,86.21169595650636,300.0,retained,
historical,39,1924.54,Ma,137.9,1.3,0.3,B__1925a,,,60.68396711202714,300.0,retained,
historical,40,1924.64,Ma,142.3,1.25,0.3,Prz1926,,,117.44207799907791,300.0,retained,
historical,41,1924.7,Ma,142.8,1.46,0.4,Gcb1934,,,136.82742863375623,300.0,retained,
historical,42,1924.74,Ma,139.7,1.56,0.3,Lv_1930,,,210.77075216393806,300.0,retained,
historical,43,1924.79,Ma,142.6,1.3,0.3,Fat1941,,,86.00654349316557,300.0,retained,
historical,44,1925.57,Ma,135.8,1.81,0.2,Sch1927b,,,470.74011570453865,300.0,excluded,Published positional residual exceeds cutoff
historical,45,1925.57,Ma,140.8,1.39,0.3,Lv_1930,,,44.67131614887367,300.0,retained,
historical,46,1925.58,Ma,137.2,1.55,0.7,Plq1926b,,,208.52545768938316,300.0,retained,
historical,47,1925.58,Ma,140.9,1.53,0.3,Ber1924,,,179.8996103639995,300.0,retained,
historical,48,1926.6,Ma,141.8,1.44,0.3,Ber1927,,,93.4733702142229,300.0,retained,
historical,49,1926.82,Ma,141.4,1.33,0.3,Lv_1930,,,38.45766106830417,300.0,retained,
historical,50,1927.73,Ma,142.7,1.26,0.3,Fat1941,,,111.59911431155089,300.0,retained,
historical,51,1931.73,Ma,143.1,1.37,0.3,Bon1938,,,32.04983173548754,300.0,retained,
historical,52,1933.74,Ma,142.0,1.31,0.3,Baz1936e,,,71.33688955298848,300.0,retained,
historical,53,1935.7,Ma,143.6,1.48,0.3,Rab1939,,,93.60541953073809,300.0,retained,
historical,54,1936.6,Ma,143.5,1.29,0.7,New1936,,,100.88154021338623,300.0,retained,
historical,55,1936.63,Ma,141.2,1.42,0.7,Sym1936,,,58.913606785474656,300.0,retained,
historical,56,1937.75,Mc,139.6,1.37,0.7,Sym1937,,,100.29266095234313,300.0,retained,
historical,57,1938.72,Ma,144.2,1.44,0.3,Rab1939,,,42.393689067871854,300.0,retained,
historical,58,1939.63,Ma,144.5,1.49,0.3,Scd1940a,,,88.98578772725223,300.0,retained,
historical,59,1941.57,Ma,143.6,1.46,0.5,Brt1949,,,59.71171516556486,300.0,retained,
historical,60,1941.88,Ma,143.2,1.45,0.3,Rab1953,,,58.36929785006045,300.0,retained,
historical,61,1942.71,Ma,144.7,1.43,0.3,Rab1953,,,20.737261158565524,300.0,retained,
historical,62,1944.35,Ma,146.7,1.23,0.6,Vou1955,,,189.41651405507648,300.0,retained,
historical,63,1948.71,Ma,147.4,1.51,0.3,Rab1961b,,,78.52545766510548,300.0,retained,
historical,64,1949.49,Ma,145.0,1.27,0.3,Fok1951,,,172.52128205238054,300.0,retained,
historical,65,1950.47,Ma,146.0,1.12,0.3,Fok1951,,,320.0537398539979,300.0,excluded,Published positional residual exceeds cutoff
historical,66,1951.72,Ma,145.8,1.48,0.3,Rab1961b,,,61.80554940017994,300.0,retained,
historical,67,1955.62,Ma,147.9,1.37,0.7,Dju1955c,,,88.69545297108951,300.0,retained,
historical,68,1955.62,Ma,149.5,1.36,0.3,Wor1957,,,97.05047468781146,300.0,retained,
historical,69,1958.58,Ma,150.2,1.6,0.7,Dic1959,,,135.58925755647093,300.0,retained,
historical,70,1958.67,Ma,151.0,1.38,0.7,Pau1959,,,91.55345362153074,300.0,retained,
historical,71,1958.69,Ma,151.4,1.34,0.7,Hnz1959a,,,132.37055837433684,300.0,retained,
historical,72,1959.6,Ma,143.7,1.77,0.3,Arc1960,,,348.8440272217862,300.0,excluded,Published positional residual exceeds cutoff
historical,73,1959.62,Ma,152.1,1.4,0.7,Hnz1963,,,87.24554074457333,300.0,retained,
historical,74,1959.65,Ma,149.3,1.57,0.7,Pau1963,,,102.8592392784038,300.0,retained,
historical,75,1959.66,Mr,150.0,1.36,0.7,JDH1961,,,108.62529634670305,300.0,retained,
historical,76,1959.68,Ma,151.3,1.21,0.7,Dic1963a,,,260.5625334596002,300.0,retained,
historical,77,1960.03,Mr,150.4,1.45,0.7,Cdy1961,,,21.671778170235594,300.0,retained,
historical,78,1961.58,Ma,150.5,1.34,0.3,B__1962a,,,134.61910622616034,300.0,retained,
historical,79,1961.6,Ma,151.3,1.46,0.3,Hei1963b,,,25.59553748000375,300.0,retained,
historical,80,1961.648,Ma,151.2,1.41,0.7,Wor1967b,,,67.21718329295246,300.0,retained,
historical,81,1961.66,Ma,149.4,1.48,0.7,Pau1963,,,28.76368118313243,300.0,retained,
historical,82,1961.71,Ma,150.8,1.41,0.7,Lan1963,,,65.42506913308509,300.0,retained,
historical,83,1961.72,Ma,150.0,1.37,0.7,Hnz1963,,,105.82173004782275,300.0,retained,
historical,84,1961.726,Mc,148.4,1.5,0.7,Jkn1964,,,60.312745824525415,300.0,retained,
historical,85,1962.638,Ma,152.2,1.4,0.7,Hnz1966,,,85.82446422824829,300.0,retained,
historical,86,1962.638,Ma,150.4,1.38,0.7,Lan1966,,,98.29205618524503,300.0,retained,
historical,87,1962.644,Ma,150.9,1.48,0.7,Pau1966,,,4.080009578942988,300.0,retained,
historical,88,1964.621,Ma,151.0,1.48,0.7,Pau1966,,,8.62750966046816,300.0,retained,
historical,89,1964.633,Ma,151.2,1.36,0.7,Hnz1966,,,123.93987696881989,300.0,retained,
historical,90,1965.72,Ma,151.5,1.46,0.3,Hei1967b,,,27.25034151949577,300.0,retained,
historical,91,1965.797,Ma,153.4,1.44,0.3,Wak1966,,,65.78093911729805,300.0,retained,
historical,92,1967.456,Ma,150.7,1.35,0.7,Zul1969a,,,146.1241861563844,300.0,retained,
historical,93,1967.459,Ma,149.6,1.42,0.7,Dju1969,,,95.44418457082858,300.0,retained,
historical,94,1967.561,Ma,150.5,1.52,0.7,Pop1969a,,,49.874512974226725,300.0,retained,
historical,95,1971.442,Ma,154.3,1.34,0.7,Ole1973,,,166.03595103494754,300.0,retained,
historical,96,1971.517,Ma,153.5,1.55,0.9,Wak1972,,,47.471837554903836,300.0,retained,
historical,97,1972.133,Ma,153.0,1.44,0.7,Wor1978,,,65.66147835288444,300.0,retained,
historical,98,1973.7,Ma,154.6,1.35,0.7,Zul1976,,,160.97324448267577,300.0,retained,
historical,99,1976.13,Ma,153.7,1.5,0.7,Pop1977b,,,22.612438323385405,300.0,retained,
historical,100,1977.475,Ma,153.9,1.51,0.9,Hln1978b,,,22.16838795044571,300.0,retained,
historical,101,1980.59,Ma,155.3,1.51,0.6,Hei1983a,,,16.605292109653952,300.0,retained,
historical,102,1980.723,Ma,156.2,1.35,0.7,Zul1982b,,,177.19396537284342,300.0,retained,
historical,103,1982.729,Ma,156.9,1.6,0.3,Mss1985,,,73.56670446412319,300.0,retained,
historical,104,1983.844,Ma,157.7,1.46,0.7,Pop1986c,,,81.67432129465548,300.0,retained,
historical,105,1985.55,Ma,156.1,1.5,0.7,Pop1988,,,39.66835135291777,300.0,retained,
historical,106,1985.79,Ma,155.9,1.44,0.7,Zul1988b,,,99.24526085588121,300.0,retained,
historical,107,1988.572,Ma,157.6,1.68,0.7,Pop1989a,,,138.60229463107422,300.0,retained,
historical,108,1988.572,Ma,157.7,1.54,0.7,Zul1989a,,,6.33521614077186,300.0,retained,
historical,109,1991.525,Su,157.5,1.55,0.7,WSI1997,,:,19.45262658760192,300.0,retained,
historical,110,1991.61,Ht,157.5,1.529,0.3,TYC2000a,,,25.827864861103667,300.0,retained,
historical,111,1991.658,Su,158.8,1.55,0.7,WSI1997,,:,15.72279351180363,300.0,retained,
historical,112,1991.74,Su,159.2,1.59,0.7,WSI1997,,:,50.8612296659102,300.0,retained,
historical,113,1994.717,Su,158.6,1.56,0.7,WSI1999a,,:,14.748593514427517,300.0,retained,
historical,114,1995.67,Su,159.9,1.56,0.7,WSI1999b,,:,20.49210512280843,300.0,retained,
historical,115,1996.586,C,159.9,1.48,0.7,Gii1997,,,72.56927612877729,300.0,retained,
historical,116,1996.634,Su,159.5,1.55,0.7,WSI1999b,,:,1.9119790816757747,300.0,retained,
historical,117,1997.4716,Sc,160.5,1.556,2.5,Msn2026,,,22.834855889779412,300.0,retained,
historical,118,1997.625,Su,160.0,1.52,0.7,WSI1999c,,:,33.38148618985613,300.0,retained,
historical,119,1998.58,C,159.0,1.52,1.5,ADP2004,,,41.637985684190234,300.0,retained,
historical,120,2001.74,Mb,162.6,1.43,0.2,Ctt2002,,,133.90299109386518,300.0,retained,
historical,121,2005.533,C,161.3,1.55,0.5,Slm2009,,,10.429923491572065,300.0,retained,
historical,122,2005.792,S,161.6,1.534,1.0,Sca2008a,,,20.845008588105337,300.0,retained,
historical,123,2007.697,S,162.4,1.571,1.0,Sca2010c,,,18.205470961160287,300.0,retained,
historical,124,2008.688,S,162.5,1.55,0.7,Gii2012,,,3.9706765671701625,300.0,retained,
historical,125,2009.415,S,162.6,1.582,0.4,Los2010,,,29.289822853040828,300.0,retained,
historical,126,2009.614,S,162.4,1.552,1.0,Sca2011a,,,6.617951562183,300.0,retained,
historical,127,2011.724,S,163.3,1.507,1.0,Sca2013c,,,43.5506509150255,300.0,retained,
historical,128,2013.676,S,163.6,1.509,1.0,Sca2015b,,,38.73789964040021,300.0,retained,
historical,129,2015.5,Hg,164.062,1.583,1.0,Mug2020,,,38.42222209657158,300.0,retained,
historical,130,2015.5,S,163.2,1.62,0.3,StJ2015,,,79.3529707275029,300.0,retained,
historical,131,2015.585,S,164.2,1.574,0.8,Pru2023,,,29.662519479608605,300.0,retained,
historical,132,2015.585,S,164.4,1.575,0.8,Pru2023,,,31.538251953439207,300.0,retained,
historical,133,2015.663,C,168.6,1.52,0.3,Smr2016,,,121.80841623689994,300.0,retained,
historical,134,2016.0,Hg,164.18,1.58405,1.0,ElB2021,,,40.44659153019316,300.0,retained,
historical,135,2019.875,S,165.311,1.593,3.5,Hwl2021,,,58.761539833358285,300.0,retained,
historical,136,2019.875,S,165.67,1.587,3.5,Hwl2021,,,54.28618738022164,300.0,retained,
historical,137,2020.609,S,202.6,1.074,8.0,Lst2021,q,,938.4153816952304,300.0,excluded,Published positional residual exceeds cutoff
historical,138,2020.609,S,202.7,1.284,8.0,Lst2021,q,,931.4353874091084,300.0,excluded,Published positional residual exceeds cutoff
historical,139,2022.3288,S,166.52,1.566,3.6,Clf2022,,,43.752460803020185,300.0,retained,
historical,140,2024.477,C,166.5,1.599,0.4,FSU2025,,,80.26488769043455,300.0,retained,
additional,1,2026.525678,Tr,166.5225,1.63558,0.4318,BoyceAstroBARO,,,125.80501458289179,300.0,retained,
